course_id,course_name,course_short_name,eligible_groups,min_cutoff,diploma_entry,duration, diplomaindustry_demand,top_job_roles,degree_type
CRS_2110,B.E. in Agricultural Engineering with Specialization in Cyber Security,B.E. Agricultural Engineering (Cyber Security),Arts,163.89,Yes,4 Years , Medium,"Cyber Security Specialist, Agricultural Consultant, Irrigation Engineer, Farm Power Manager",Undergraduate
CRS_2115,B.E. in Agricultural Engineering with Specialization in FinTech,B.E. Agricultural Engineering (FinTech),Arts,166.43,Yes,4 Years , Medium,"FinTech Specialist, Agricultural Consultant, Irrigation Engineer, Farm Power Manager",Undergraduate
CRS_2117,B.E. in Agricultural Engineering with Specialization in Logistics and Supply Chain,B.E. Agricultural Engineering (Logistics and Supply Chain),Arts,161.96,Yes,4 Years , Medium,"Logistics and Supply Chain Specialist, Agricultural Consultant, Irrigation Engineer, Farm Power Manager",Undergraduate
CRS_2175,B.B.A. in Business Administration,B.B.A. Business Administration,Arts,130.31,No,3 Years , High,"Management Trainee, HR Executive, Operations Associate",Undergraduate
CRS_2176,B.B.A. in Business Administration with Specialization in Digital Marketing,B.B.A. Business Administration (Digital Marketing),Arts,122.65,No,3 Years , High,"Digital Marketing Specialist, Management Trainee, HR Executive, Operations Associate",Undergraduate
CRS_2177,B.B.A. in Business Administration with Specialization in Logistics and Supply Chain,B.B.A. Business Administration (Logistics and Supply Chain),Arts,125.27,No,3 Years , High,"Logistics and Supply Chain Specialist, Management Trainee, HR Executive, Operations Associate",Undergraduate
CRS_2178,B.B.A. in Business Administration with Specialization in Business Analytics,B.B.A. Business Administration (Business Analytics),Arts,123.11,No,3 Years , High,"Business Analytics Specialist, Management Trainee, HR Executive, Operations Associate",Undergraduate
CRS_2006,B.E. in Computer Science and Engineering with Specialization in Internet of Things (IoT),B.E. Computer Science and Engineering (Internet of Things (IoT)),Bio-Math,184.84,Yes,4 Years , High,"Internet of Things (IoT) Specialist, Software Engineer, Full Stack Developer, Systems Engineer",Undergraduate
CRS_2012,B.E. in Computer Science and Engineering with Specialization in Software Systems,B.E. Computer Science and Engineering (Software Systems),Bio-Math,193.83,Yes,4 Years , High,"Software Systems Specialist, Software Engineer, Full Stack Developer, Systems Engineer",Undergraduate
CRS_2013,B.E. in Computer Science and Engineering with Specialization in Industrial Automation,B.E. Computer Science and Engineering (Industrial Automation),Bio-Math,195.35,Yes,4 Years , High,"Industrial Automation Specialist, Software Engineer, Full Stack Developer, Systems Engineer",Undergraduate
CRS_2017,B.Tech in Information Technology with Specialization in Cyber Security,B.Tech Information Technology (Cyber Security),Bio-Math,189.36,Yes,4 Years , High,"Cyber Security Specialist, Cloud Architect, Network Engineer, Systems Analyst",Undergraduate
CRS_2022,B.Tech in Information Technology with Specialization in FinTech,B.Tech Information Technology (FinTech),Bio-Math,177.11,Yes,4 Years , High,"FinTech Specialist, Cloud Architect, Network Engineer, Systems Analyst",Undergraduate
CRS_2023,B.Tech in Information Technology with Specialization in Digital Marketing,B.Tech Information Technology (Digital Marketing),Bio-Math,182.02,Yes,4 Years , High,"Digital Marketing Specialist, Cloud Architect, Network Engineer, Systems Analyst",Undergraduate
CRS_2024,B.Tech in Information Technology with Specialization in Logistics and Supply Chain,B.Tech Information Technology (Logistics and Supply Chain),Bio-Math,187.02,Yes,4 Years , High,"Logistics and Supply Chain Specialist, Cloud Architect, Network Engineer, Systems Analyst",Undergraduate
CRS_2025,B.Tech in Information Technology with Specialization in Business Analytics,B.Tech Information Technology (Business Analytics),Bio-Math,181.47,Yes,4 Years , High,"Business Analytics Specialist, Cloud Architect, Network Engineer, Systems Analyst",Undergraduate
CRS_2026,B.Tech in Information Technology with Specialization in Software Systems,B.Tech Information Technology (Software Systems),Bio-Math,179.28,Yes,4 Years , High,"Software Systems Specialist, Cloud Architect, Network Engineer, Systems Analyst",Undergraduate
CRS_2034,B.Tech in Artificial Intelligence and Data Science with Specialization in Internet of Things (IoT),B.Tech Artificial Intelligence and Data Science (Internet of Things (IoT)),Bio-Math,187.1,Yes,4 Years , Critical High,"Internet of Things (IoT) Specialist, Data Scientist, AI Engineer, Machine Learning Specialist",Undergraduate
CRS_2035,B.Tech in Artificial Intelligence and Data Science with Specialization in Blockchain Technology,B.Tech Artificial Intelligence and Data Science (Blockchain Technology),Bio-Math,186.57,Yes,4 Years , Critical High,"Blockchain Technology Specialist, Data Scientist, AI Engineer, Machine Learning Specialist",Undergraduate
CRS_2038,B.Tech in Artificial Intelligence and Data Science with Specialization in Logistics and Supply Chain,B.Tech Artificial Intelligence and Data Science (Logistics and Supply Chain),Bio-Math,187.16,Yes,4 Years , Critical High,"Logistics and Supply Chain Specialist, Data Scientist, AI Engineer, Machine Learning Specialist",Undergraduate
CRS_2046,B.E. in Electronics and Communication Engineering with Specialization in Cloud Computing,B.E. Electronics and Communication Engineering (Cloud Computing),Bio-Math,181.14,Yes,4 Years , Medium,"Cloud Computing Specialist, Embedded Systems Engineer, VLSI Analyst, Telecom Engineer",Undergraduate
CRS_2047,B.E. in Electronics and Communication Engineering with Specialization in Data Science,B.E. Electronics and Communication Engineering (Data Science),Bio-Math,179.52,Yes,4 Years , Medium,"Data Science Specialist, Embedded Systems Engineer, VLSI Analyst, Telecom Engineer",Undergraduate
CRS_2048,B.E. in Electronics and Communication Engineering with Specialization in Internet of Things (IoT),B.E. Electronics and Communication Engineering (Internet of Things (IoT)),Bio-Math,173.75,Yes,4 Years , Medium,"Internet of Things (IoT) Specialist, Embedded Systems Engineer, VLSI Analyst, Telecom Engineer",Undergraduate
CRS_2057,B.E. in Electrical and Electronics Engineering,B.E. Electrical and Electronics Engineering,Bio-Math,176.58,Yes,4 Years , Medium,"Power Systems Engineer, Electrical Consultant, Control Systems Designer",Undergraduate
CRS_2058,B.E. in Electrical and Electronics Engineering (Honours),B.E. Electrical and Electronics Engineering (Honours),Bio-Math,175.79,Yes,4 Years , Medium,"Power Systems Engineer, Electrical Consultant, Control Systems Designer",Undergraduate
CRS_2059,B.E. in Electrical and Electronics Engineering with Specialization in Cyber Security,B.E. Electrical and Electronics Engineering (Cyber Security),Bio-Math,169.91,Yes,4 Years , Medium,"Cyber Security Specialist, Power Systems Engineer, Electrical Consultant, Control Systems Designer",Undergraduate
CRS_2073,B.E. in Mechanical Engineering with Specialization in Industrial Automation,B.E. Mechanical Engineering (Industrial Automation),Bio-Math,161.51,Yes,4 Years , Medium,"Industrial Automation Specialist, Design Engineer, CAD Specialist, Production Manager",Undergraduate
CRS_2074,B.E. in Civil Engineering,B.E. Civil Engineering,Bio-Math,152.46,Yes,4 Years , Stable,"Structural Engineer, Site Supervisor, Project Estimator",Undergraduate
CRS_2076,B.Tech in Biotechnology,B.Tech Biotechnology,Bio-Math,180.91,Yes,4 Years , High,"Bioprocess Engineer, Lab Scientist, Quality Control Analyst",Undergraduate
CRS_2077,B.Tech in Biotechnology (Honours),B.Tech Biotechnology (Honours),Bio-Math,176.63,Yes,4 Years , High,"Bioprocess Engineer, Lab Scientist, Quality Control Analyst",Undergraduate
CRS_2078,B.Tech in Chemical Engineering,B.Tech Chemical Engineering,Bio-Math,165.35,Yes,4 Years , Medium,"Process Safety Engineer, Chemical Plant Operator, R&D Chemist",Undergraduate
CRS_2087,B.Tech in Chemical Engineering with Specialization in Logistics and Supply Chain,B.Tech Chemical Engineering (Logistics and Supply Chain),Bio-Math,164.46,Yes,4 Years , Medium,"Logistics and Supply Chain Specialist, Process Safety Engineer, Chemical Plant Operator, R&D Chemist",Undergraduate
CRS_2088,B.Tech in Chemical Engineering with Specialization in Business Analytics,B.Tech Chemical Engineering (Business Analytics),Bio-Math,168.38,Yes,4 Years , Medium,"Business Analytics Specialist, Process Safety Engineer, Chemical Plant Operator, R&D Chemist",Undergraduate
CRS_2089,B.Tech in Chemical Engineering with Specialization in Software Systems,B.Tech Chemical Engineering (Software Systems),Bio-Math,163.01,Yes,4 Years , Medium,"Software Systems Specialist, Process Safety Engineer, Chemical Plant Operator, R&D Chemist",Undergraduate
CRS_2090,B.Tech in Chemical Engineering with Specialization in Industrial Automation,B.Tech Chemical Engineering (Industrial Automation),Bio-Math,169.71,Yes,4 Years , Medium,"Industrial Automation Specialist, Process Safety Engineer, Chemical Plant Operator, R&D Chemist",Undergraduate
CRS_2091,B.Tech in Chemical Engineering with Specialization in VLSI Design,B.Tech Chemical Engineering (VLSI Design),Bio-Math,166.14,Yes,4 Years , Medium,"VLSI Design Specialist, Process Safety Engineer, Chemical Plant Operator, R&D Chemist",Undergraduate
CRS_2093,B.E. in Biomedical Engineering (Honours),B.E. Biomedical Engineering (Honours),Bio-Math,186.37,Yes,4 Years , High,"Biomedical Instrumentation Engineer, Clinical Engineer",Undergraduate
CRS_2112,B.E. in Agricultural Engineering with Specialization in Data Science,B.E. Agricultural Engineering (Data Science),Bio-Math,168.08,Yes,4 Years , Medium,"Data Science Specialist, Agricultural Consultant, Irrigation Engineer, Farm Power Manager",Undergraduate
CRS_2113,B.E. in Agricultural Engineering with Specialization in Internet of Things (IoT),B.E. Agricultural Engineering (Internet of Things (IoT)),Bio-Math,162.82,Yes,4 Years , Medium,"Internet of Things (IoT) Specialist, Agricultural Consultant, Irrigation Engineer, Farm Power Manager",Undergraduate
CRS_2114,B.E. in Agricultural Engineering with Specialization in Blockchain Technology,B.E. Agricultural Engineering (Blockchain Technology),Bio-Math,157.49,Yes,4 Years , Medium,"Blockchain Technology Specialist, Agricultural Consultant, Irrigation Engineer, Farm Power Manager",Undergraduate
CRS_2118,B.E. in Agricultural Engineering with Specialization in Business Analytics,B.E. Agricultural Engineering (Business Analytics),Bio-Math,161.16,Yes,4 Years , Medium,"Business Analytics Specialist, Agricultural Consultant, Irrigation Engineer, Farm Power Manager",Undergraduate
CRS_2119,B.E. in Agricultural Engineering with Specialization in Software Systems,B.E. Agricultural Engineering (Software Systems),Bio-Math,160.18,Yes,4 Years , Medium,"Software Systems Specialist, Agricultural Consultant, Irrigation Engineer, Farm Power Manager",Undergraduate
CRS_2120,B.E. in Agricultural Engineering with Specialization in Industrial Automation,B.E. Agricultural Engineering (Industrial Automation),Bio-Math,168.42,Yes,4 Years , Medium,"Industrial Automation Specialist, Agricultural Consultant, Irrigation Engineer, Farm Power Manager",Undergraduate
CRS_2121,B.E. in Agricultural Engineering with Specialization in VLSI Design,B.E. Agricultural Engineering (VLSI Design),Bio-Math,157.72,Yes,4 Years , Medium,"VLSI Design Specialist, Agricultural Consultant, Irrigation Engineer, Farm Power Manager",Undergraduate
CRS_2180,B.Sc in Mathematics (Honours),B.Sc Mathematics (Honours),Bio-Math,134.76,No,3 Years , Medium,"Data Analyst, Actuarial Assistant, Statistical Officer, Teacher",Undergraduate
CRS_2187,B.Sc in Mathematics with Specialization in Digital Marketing,B.Sc Mathematics (Digital Marketing),Bio-Math,144.87,No,3 Years , Medium,"Digital Marketing Specialist, Data Analyst, Actuarial Assistant, Statistical Officer, Teacher",Undergraduate
CRS_2188,B.Sc in Mathematics with Specialization in Logistics and Supply Chain,B.Sc Mathematics (Logistics and Supply Chain),Bio-Math,138.72,No,3 Years , Medium,"Logistics and Supply Chain Specialist, Data Analyst, Actuarial Assistant, Statistical Officer, Teacher",Undergraduate
CRS_2191,B.Sc in Physics,B.Sc Physics,Bio-Math,131.84,No,3 Years , Stable,"Laboratory Assistant, Research Fellow, Quality Inspector",Undergraduate
CRS_2202,BDS (Bachelor of Dental Surgery),BDS (Bachelor of Dental Surgery),Bio-Math,193.83,No,5 Years,Low (Direct UG only),"Dentist, Dental Surgeon, Cosmetic Dentist",Undergraduate Degree
CRS_2211,BHMS (Bachelor of Homoeopathic Medicine and Surgery),BHMS (Bachelor of Homoeopathic Medicine and Surgery),Bio-Math,194.06,No,5.5 Years,Medium,"Homeopathic Physician, Medical Officer",Undergraduate Degree
CRS_2212,B.Sc Medical Imaging Technology,B.Sc Medical Imaging Technology,Bio-Math,194.62,Yes ,3 Years,High,"Radiology Technologist, CT/MRI Technician",Undergraduate Degree
CRS_2213,B.Sc Cardiac Perfusion Technology,B.Sc Cardiac Perfusion Technology,Bio-Math,195.35,Yes ,3 Years,High,"Perfusionist, Cardiovascular Technician",Undergraduate Degree
CRS_2214,B.Optom (Bachelor of Optometry),B.Optom (Bachelor of Optometry),Bio-Math,190.51,Yes ,4 Years,High,"Optometrist, Ophthalmic Assistant, Vision Consultant",Undergraduate Degree
CRS_2160,B.Com in Commerce (General),B.Com Commerce (General),Commerce with Business Maths,159.27,No,3 Years , High,"Accounts Executive, Financial Analyst, Tax Consultant",Undergraduate
CRS_2161,B.Com in Commerce (General) with Specialization in FinTech,B.Com Commerce (General) (FinTech),Commerce with Business Maths,151.42,No,3 Years , High,"FinTech Specialist, Accounts Executive, Financial Analyst, Tax Consultant",Undergraduate
CRS_2162,B.Com in Commerce (General) with Specialization in Digital Marketing,B.Com Commerce (General) (Digital Marketing),Commerce with Business Maths,151.33,No,3 Years , High,"Digital Marketing Specialist, Accounts Executive, Financial Analyst, Tax Consultant",Undergraduate
CRS_2165,B.Com in Commerce (Accounting & Finance),B.Com Commerce (Accounting & Finance),Commerce with Business Maths,166.98,No,3 Years , Critical High,"Investment Analyst, Audit Associate, Management Accountant",Undergraduate
CRS_2166,B.Com in Commerce (Accounting & Finance) with Specialization in FinTech,B.Com Commerce (Accounting & Finance) (FinTech),Commerce with Business Maths,171.63,No,3 Years , Critical High,"FinTech Specialist, Investment Analyst, Audit Associate, Management Accountant",Undergraduate
CRS_2167,B.Com in Commerce (Accounting & Finance) with Specialization in Digital Marketing,B.Com Commerce (Accounting & Finance) (Digital Marketing),Commerce with Business Maths,166.39,No,3 Years , Critical High,"Digital Marketing Specialist, Investment Analyst, Audit Associate, Management Accountant",Undergraduate
CRS_2168,B.Com in Commerce (Accounting & Finance) with Specialization in Logistics and Supply Chain,B.Com Commerce (Accounting & Finance) (Logistics and Supply Chain),Commerce with Business Maths,171.63,No,3 Years , Critical High,"Logistics and Supply Chain Specialist, Investment Analyst, Audit Associate, Management Accountant",Undergraduate
CRS_2169,B.Com in Commerce (Accounting & Finance) with Specialization in Business Analytics,B.Com Commerce (Accounting & Finance) (Business Analytics),Commerce with Business Maths,172.62,No,3 Years , Critical High,"Business Analytics Specialist, Investment Analyst, Audit Associate, Management Accountant",Undergraduate
CRS_2189,B.Sc in Mathematics with Specialization in Business Analytics,B.Sc Mathematics (Business Analytics),Commerce with Business Maths,135.22,No,3 Years , Medium,"Business Analytics Specialist, Data Analyst, Actuarial Assistant, Statistical Officer, Teacher",Undergraduate
CRS_2190,B.Sc in Mathematics with Specialization in Software Systems,B.Sc Mathematics (Software Systems),Commerce with Business Maths,137.02,No,3 Years , Medium,"Software Systems Specialist, Data Analyst, Actuarial Assistant, Statistical Officer, Teacher",Undergraduate
CRS_2198,B.Sc in Physics with Specialization in FinTech,B.Sc Physics (FinTech),Commerce with Business Maths,122.41,No,3 Years , Stable,"FinTech Specialist, Laboratory Assistant, Research Fellow, Quality Inspector",Undergraduate
CRS_2199,B.Sc in Physics with Specialization in Digital Marketing,B.Sc Physics (Digital Marketing),Commerce with Business Maths,131.88,No,3 Years , Stable,"Digital Marketing Specialist, Laboratory Assistant, Research Fellow, Quality Inspector",Undergraduate
CRS_2200,B.Sc in Physics with Specialization in Logistics and Supply Chain,B.Sc Physics (Logistics and Supply Chain),Commerce with Business Maths,129.21,No,3 Years , Stable,"Logistics and Supply Chain Specialist, Laboratory Assistant, Research Fellow, Quality Inspector",Undergraduate
CRS_2163,B.Com in Commerce (General) with Specialization in Logistics and Supply Chain,B.Com Commerce (General) (Logistics and Supply Chain),Commerce with Computer Science,151.22,No,3 Years , High,"Logistics and Supply Chain Specialist, Accounts Executive, Financial Analyst, Tax Consultant",Undergraduate
CRS_2164,B.Com in Commerce (General) with Specialization in Business Analytics,B.Com Commerce (General) (Business Analytics),Commerce with Computer Science,153.5,No,3 Years , High,"Business Analytics Specialist, Accounts Executive, Financial Analyst, Tax Consultant",Undergraduate
CRS_2170,B.Com in Commerce (Computer Applications),B.Com Commerce (Computer Applications),Commerce with Computer Science,148.72,No,3 Years , High,"E-Commerce Specialist, Business Data Associate, Accounts Manager",Undergraduate
CRS_2171,B.Com in Commerce (Computer Applications) with Specialization in FinTech,B.Com Commerce (Computer Applications) (FinTech),Commerce with Computer Science,154.79,No,3 Years , High,"FinTech Specialist, E-Commerce Specialist, Business Data Associate, Accounts Manager",Undergraduate
CRS_2172,B.Com in Commerce (Computer Applications) with Specialization in Digital Marketing,B.Com Commerce (Computer Applications) (Digital Marketing),Commerce with Computer Science,142.56,No,3 Years , High,"Digital Marketing Specialist, E-Commerce Specialist, Business Data Associate, Accounts Manager",Undergraduate
CRS_2173,B.Com in Commerce (Computer Applications) with Specialization in Logistics and Supply Chain,B.Com Commerce (Computer Applications) (Logistics and Supply Chain),Commerce with Computer Science,145.2,No,3 Years , High,"Logistics and Supply Chain Specialist, E-Commerce Specialist, Business Data Associate, Accounts Manager",Undergraduate
CRS_2174,B.Com in Commerce (Computer Applications) with Specialization in Business Analytics,B.Com Commerce (Computer Applications) (Business Analytics),Commerce with Computer Science,142.94,No,3 Years , High,"Business Analytics Specialist, E-Commerce Specialist, Business Data Associate, Accounts Manager",Undergraduate
CRS_2184,B.Sc in Mathematics with Specialization in Internet of Things (IoT),B.Sc Mathematics (Internet of Things (IoT)),Commerce with Computer Science,134.64,No,3 Years , Medium,"Internet of Things (IoT) Specialist, Data Analyst, Actuarial Assistant, Statistical Officer, Teacher",Undergraduate
CRS_2185,B.Sc in Mathematics with Specialization in Blockchain Technology,B.Sc Mathematics (Blockchain Technology),Commerce with Computer Science,141.76,No,3 Years , Medium,"Blockchain Technology Specialist, Data Analyst, Actuarial Assistant, Statistical Officer, Teacher",Undergraduate
CRS_2195,B.Sc in Physics with Specialization in Data Science,B.Sc Physics (Data Science),Commerce with Computer Science,127.13,No,3 Years , Stable,"Data Science Specialist, Laboratory Assistant, Research Fellow, Quality Inspector",Undergraduate
CRS_2196,B.Sc in Physics with Specialization in Internet of Things (IoT),B.Sc Physics (Internet of Things (IoT)),Commerce with Computer Science,129.12,No,3 Years , Stable,"Internet of Things (IoT) Specialist, Laboratory Assistant, Research Fellow, Quality Inspector",Undergraduate
CRS_2197,B.Sc in Physics with Specialization in Blockchain Technology,B.Sc Physics (Blockchain Technology),Commerce with Computer Science,134.55,No,3 Years , Stable,"Blockchain Technology Specialist, Laboratory Assistant, Research Fellow, Quality Inspector",Undergraduate
CRS_2002,B.E. in Computer Science and Engineering (Honours),B.E. Computer Science and Engineering (Honours),Computer Science,194.06,Yes,4 Years , High,"Software Engineer, Full Stack Developer, Systems Engineer",Undergraduate
CRS_2004,B.E. in Computer Science and Engineering with Specialization in Cloud Computing,B.E. Computer Science and Engineering (Cloud Computing),Computer Science,190.56,Yes,4 Years , High,"Cloud Computing Specialist, Software Engineer, Full Stack Developer, Systems Engineer",Undergraduate
CRS_2005,B.E. in Computer Science and Engineering with Specialization in Data Science,B.E. Computer Science and Engineering (Data Science),Computer Science,193.95,Yes,4 Years , High,"Data Science Specialist, Software Engineer, Full Stack Developer, Systems Engineer",Undergraduate
CRS_2015,B.Tech in Information Technology,B.Tech Information Technology,Computer Science,181.66,Yes,4 Years , High,"Cloud Architect, Network Engineer, Systems Analyst",Undergraduate
CRS_2016,B.Tech in Information Technology (Honours),B.Tech Information Technology (Honours),Computer Science,180.14,Yes,4 Years , High,"Cloud Architect, Network Engineer, Systems Analyst",Undergraduate
CRS_2027,B.Tech in Information Technology with Specialization in Industrial Automation,B.Tech Information Technology (Industrial Automation),Computer Science,184.3,Yes,4 Years , High,"Industrial Automation Specialist, Cloud Architect, Network Engineer, Systems Analyst",Undergraduate
CRS_2029,B.Tech in Artificial Intelligence and Data Science,B.Tech Artificial Intelligence and Data Science,Computer Science,187.12,Yes,4 Years , Critical High,"Data Scientist, AI Engineer, Machine Learning Specialist",Undergraduate
CRS_2030,B.Tech in Artificial Intelligence and Data Science (Honours),B.Tech Artificial Intelligence and Data Science (Honours),Computer Science,190.75,Yes,4 Years , Critical High,"Data Scientist, AI Engineer, Machine Learning Specialist",Undergraduate
CRS_2031,B.Tech in Artificial Intelligence and Data Science with Specialization in Cyber Security,B.Tech Artificial Intelligence and Data Science (Cyber Security),Computer Science,186.29,Yes,4 Years , Critical High,"Cyber Security Specialist, Data Scientist, AI Engineer, Machine Learning Specialist",Undergraduate
CRS_2032,B.Tech in Artificial Intelligence and Data Science with Specialization in Cloud Computing,B.Tech Artificial Intelligence and Data Science (Cloud Computing),Computer Science,188.33,Yes,4 Years , Critical High,"Cloud Computing Specialist, Data Scientist, AI Engineer, Machine Learning Specialist",Undergraduate
CRS_2036,B.Tech in Artificial Intelligence and Data Science with Specialization in FinTech,B.Tech Artificial Intelligence and Data Science (FinTech),Computer Science,189.18,Yes,4 Years , Critical High,"FinTech Specialist, Data Scientist, AI Engineer, Machine Learning Specialist",Undergraduate
CRS_2043,B.E. in Electronics and Communication Engineering,B.E. Electronics and Communication Engineering,Computer Science,174.42,Yes,4 Years , Medium,"Embedded Systems Engineer, VLSI Analyst, Telecom Engineer",Undergraduate
CRS_2044,B.E. in Electronics and Communication Engineering (Honours),B.E. Electronics and Communication Engineering (Honours),Computer Science,174.39,Yes,4 Years , Medium,"Embedded Systems Engineer, VLSI Analyst, Telecom Engineer",Undergraduate
CRS_2045,B.E. in Electronics and Communication Engineering with Specialization in Cyber Security,B.E. Electronics and Communication Engineering (Cyber Security),Computer Science,184.15,Yes,4 Years , Medium,"Cyber Security Specialist, Embedded Systems Engineer, VLSI Analyst, Telecom Engineer",Undergraduate
CRS_2060,B.E. in Electrical and Electronics Engineering with Specialization in Cloud Computing,B.E. Electrical and Electronics Engineering (Cloud Computing),Computer Science,169.69,Yes,4 Years , Medium,"Cloud Computing Specialist, Power Systems Engineer, Electrical Consultant, Control Systems Designer",Undergraduate
CRS_2061,B.E. in Electrical and Electronics Engineering with Specialization in Data Science,B.E. Electrical and Electronics Engineering (Data Science),Computer Science,167.37,Yes,4 Years , Medium,"Data Science Specialist, Power Systems Engineer, Electrical Consultant, Control Systems Designer",Undergraduate
CRS_2062,B.E. in Electrical and Electronics Engineering with Specialization in Internet of Things (IoT),B.E. Electrical and Electronics Engineering (Internet of Things (IoT)),Computer Science,168.78,Yes,4 Years , Medium,"Internet of Things (IoT) Specialist, Power Systems Engineer, Electrical Consultant, Control Systems Designer",Undergraduate
CRS_2122,B.Sc in Computer Science,B.Sc Computer Science,Computer Science,138.3,No,3 Years , High,"Web Developer, Technical Support, Database Administrator",Undergraduate
CRS_2123,B.Sc in Computer Science (Honours),B.Sc Computer Science (Honours),Computer Science,138,No,3 Years , High,"Web Developer, Technical Support, Database Administrator",Undergraduate
CRS_2124,B.Sc in Computer Science with Specialization in Cyber Security,B.Sc Computer Science (Cyber Security),Computer Science,141.48,No,3 Years , High,"Cyber Security Specialist, Web Developer, Technical Support, Database Administrator",Undergraduate
CRS_2125,B.Sc in Computer Science with Specialization in Cloud Computing,B.Sc Computer Science (Cloud Computing),Computer Science,142.79,No,3 Years , High,"Cloud Computing Specialist, Web Developer, Technical Support, Database Administrator",Undergraduate
CRS_2126,B.Sc in Computer Science with Specialization in Data Science,B.Sc Computer Science (Data Science),Computer Science,141.15,No,3 Years , High,"Data Science Specialist, Web Developer, Technical Support, Database Administrator",Undergraduate
CRS_2127,B.Sc in Computer Science with Specialization in Internet of Things (IoT),B.Sc Computer Science (Internet of Things (IoT)),Computer Science,143.46,No,3 Years , High,"Internet of Things (IoT) Specialist, Web Developer, Technical Support, Database Administrator",Undergraduate
CRS_2128,B.Sc in Computer Science with Specialization in Blockchain Technology,B.Sc Computer Science (Blockchain Technology),Computer Science,141.7,No,3 Years , High,"Blockchain Technology Specialist, Web Developer, Technical Support, Database Administrator",Undergraduate
CRS_2129,B.Sc in Computer Science with Specialization in FinTech,B.Sc Computer Science (FinTech),Computer Science,134.36,No,3 Years , High,"FinTech Specialist, Web Developer, Technical Support, Database Administrator",Undergraduate
CRS_2130,B.Sc in Computer Science with Specialization in Digital Marketing,B.Sc Computer Science (Digital Marketing),Computer Science,140.7,No,3 Years , High,"Digital Marketing Specialist, Web Developer, Technical Support, Database Administrator",Undergraduate
CRS_2131,B.Sc in Computer Science with Specialization in Logistics and Supply Chain,B.Sc Computer Science (Logistics and Supply Chain),Computer Science,138.31,No,3 Years , High,"Logistics and Supply Chain Specialist, Web Developer, Technical Support, Database Administrator",Undergraduate
CRS_2132,B.Sc in Computer Science with Specialization in Business Analytics,B.Sc Computer Science (Business Analytics),Computer Science,133.73,No,3 Years , High,"Business Analytics Specialist, Web Developer, Technical Support, Database Administrator",Undergraduate
CRS_2133,B.Sc in Computer Science with Specialization in Software Systems,B.Sc Computer Science (Software Systems),Computer Science,134.79,No,3 Years , High,"Software Systems Specialist, Web Developer, Technical Support, Database Administrator",Undergraduate
CRS_2134,B.Sc in Information Technology,B.Sc Information Technology,Computer Science,128.28,No,3 Years , Medium,"IT Support Analyst, System Administrator, Network Technician",Undergraduate
CRS_2135,B.Sc in Information Technology (Honours),B.Sc Information Technology (Honours),Computer Science,131.05,No,3 Years , Medium,"IT Support Analyst, System Administrator, Network Technician",Undergraduate
CRS_2136,B.Sc in Information Technology with Specialization in Cyber Security,B.Sc Information Technology (Cyber Security),Computer Science,138.92,No,3 Years , Medium,"Cyber Security Specialist, IT Support Analyst, System Administrator, Network Technician",Undergraduate
CRS_2137,B.Sc in Information Technology with Specialization in Cloud Computing,B.Sc Information Technology (Cloud Computing),Computer Science,129.99,No,3 Years , Medium,"Cloud Computing Specialist, IT Support Analyst, System Administrator, Network Technician",Undergraduate
CRS_2138,B.Sc in Information Technology with Specialization in Data Science,B.Sc Information Technology (Data Science),Computer Science,138.84,No,3 Years , Medium,"Data Science Specialist, IT Support Analyst, System Administrator, Network Technician",Undergraduate
CRS_2139,B.Sc in Information Technology with Specialization in Internet of Things (IoT),B.Sc Information Technology (Internet of Things (IoT)),Computer Science,136.57,No,3 Years , Medium,"Internet of Things (IoT) Specialist, IT Support Analyst, System Administrator, Network Technician",Undergraduate
CRS_2140,B.Sc in Information Technology with Specialization in Blockchain Technology,B.Sc Information Technology (Blockchain Technology),Computer Science,136.46,No,3 Years , Medium,"Blockchain Technology Specialist, IT Support Analyst, System Administrator, Network Technician",Undergraduate
CRS_2141,B.Sc in Information Technology with Specialization in FinTech,B.Sc Information Technology (FinTech),Computer Science,134.79,No,3 Years , Medium,"FinTech Specialist, IT Support Analyst, System Administrator, Network Technician",Undergraduate
CRS_2142,B.Sc in Information Technology with Specialization in Digital Marketing,B.Sc Information Technology (Digital Marketing),Computer Science,131.47,No,3 Years , Medium,"Digital Marketing Specialist, IT Support Analyst, System Administrator, Network Technician",Undergraduate
CRS_2143,B.Sc in Information Technology with Specialization in Logistics and Supply Chain,B.Sc Information Technology (Logistics and Supply Chain),Computer Science,139.99,No,3 Years , Medium,"Logistics and Supply Chain Specialist, IT Support Analyst, System Administrator, Network Technician",Undergraduate
CRS_2144,B.Sc in Information Technology with Specialization in Business Analytics,B.Sc Information Technology (Business Analytics),Computer Science,135.15,No,3 Years , Medium,"Business Analytics Specialist, IT Support Analyst, System Administrator, Network Technician",Undergraduate
CRS_2145,B.Sc in Information Technology with Specialization in Software Systems,B.Sc Information Technology (Software Systems),Computer Science,136.71,No,3 Years , Medium,"Software Systems Specialist, IT Support Analyst, System Administrator, Network Technician",Undergraduate
CRS_2146,B.C.A. in Computer Applications,B.C.A. Computer Applications,Computer Science,139.37,No,3 Years , High,"Application Developer, UI/UX Designer, Software Tester",Undergraduate
CRS_2147,B.C.A. in Computer Applications (Honours),B.C.A. Computer Applications (Honours),Computer Science,146.57,No,3 Years , High,"Application Developer, UI/UX Designer, Software Tester",Undergraduate
CRS_2148,B.C.A. in Computer Applications with Specialization in Cyber Security,B.C.A. Computer Applications (Cyber Security),Computer Science,142.26,No,3 Years , High,"Cyber Security Specialist, Application Developer, UI/UX Designer, Software Tester",Undergraduate
CRS_2149,B.C.A. in Computer Applications with Specialization in Cloud Computing,B.C.A. Computer Applications (Cloud Computing),Computer Science,141.31,No,3 Years , High,"Cloud Computing Specialist, Application Developer, UI/UX Designer, Software Tester",Undergraduate
CRS_2150,B.C.A. in Computer Applications with Specialization in Data Science,B.C.A. Computer Applications (Data Science),Computer Science,142.32,No,3 Years , High,"Data Science Specialist, Application Developer, UI/UX Designer, Software Tester",Undergraduate
CRS_2151,B.C.A. in Computer Applications with Specialization in Internet of Things (IoT),B.C.A. Computer Applications (Internet of Things (IoT)),Computer Science,143.85,No,3 Years , High,"Internet of Things (IoT) Specialist, Application Developer, UI/UX Designer, Software Tester",Undergraduate
CRS_2152,B.C.A. in Computer Applications with Specialization in Blockchain Technology,B.C.A. Computer Applications (Blockchain Technology),Computer Science,138.17,No,3 Years , High,"Blockchain Technology Specialist, Application Developer, UI/UX Designer, Software Tester",Undergraduate
CRS_2153,B.C.A. in Computer Applications with Specialization in FinTech,B.C.A. Computer Applications (FinTech),Computer Science,148.97,No,3 Years , High,"FinTech Specialist, Application Developer, UI/UX Designer, Software Tester",Undergraduate
CRS_2154,B.C.A. in Computer Applications with Specialization in Digital Marketing,B.C.A. Computer Applications (Digital Marketing),Computer Science,147.74,No,3 Years , High,"Digital Marketing Specialist, Application Developer, UI/UX Designer, Software Tester",Undergraduate
CRS_2155,B.C.A. in Computer Applications with Specialization in Logistics and Supply Chain,B.C.A. Computer Applications (Logistics and Supply Chain),Computer Science,141.65,No,3 Years , High,"Logistics and Supply Chain Specialist, Application Developer, UI/UX Designer, Software Tester",Undergraduate
CRS_2156,B.C.A. in Computer Applications with Specialization in Business Analytics,B.C.A. Computer Applications (Business Analytics),Computer Science,142.46,No,3 Years , High,"Business Analytics Specialist, Application Developer, UI/UX Designer, Software Tester",Undergraduate
CRS_2157,B.C.A. in Computer Applications with Specialization in Software Systems,B.C.A. Computer Applications (Software Systems),Computer Science,143.72,No,3 Years , High,"Software Systems Specialist, Application Developer, UI/UX Designer, Software Tester",Undergraduate
CRS_2158,B.C.A. in Computer Applications with Specialization in Industrial Automation,B.C.A. Computer Applications (Industrial Automation),Computer Science,142.31,No,3 Years , High,"Industrial Automation Specialist, Application Developer, UI/UX Designer, Software Tester",Undergraduate
CRS_2159,B.C.A. in Computer Applications with Specialization in VLSI Design,B.C.A. Computer Applications (VLSI Design),Computer Science,141.46,No,3 Years , High,"VLSI Design Specialist, Application Developer, UI/UX Designer, Software Tester",Undergraduate
CRS_2179,B.Sc in Mathematics,B.Sc Mathematics,Computer Science,141.02,No,3 Years , Medium,"Data Analyst, Actuarial Assistant, Statistical Officer, Teacher",Undergraduate
CRS_2181,B.Sc in Mathematics with Specialization in Cyber Security,B.Sc Mathematics (Cyber Security),Computer Science,144.52,No,3 Years , Medium,"Cyber Security Specialist, Data Analyst, Actuarial Assistant, Statistical Officer, Teacher",Undergraduate
CRS_2182,B.Sc in Mathematics with Specialization in Cloud Computing,B.Sc Mathematics (Cloud Computing),Computer Science,143.63,No,3 Years , Medium,"Cloud Computing Specialist, Data Analyst, Actuarial Assistant, Statistical Officer, Teacher",Undergraduate
CRS_2183,B.Sc in Mathematics with Specialization in Data Science,B.Sc Mathematics (Data Science),Computer Science,141.01,No,3 Years , Medium,"Data Science Specialist, Data Analyst, Actuarial Assistant, Statistical Officer, Teacher",Undergraduate
CRS_2186,B.Sc in Mathematics with Specialization in FinTech,B.Sc Mathematics (FinTech),Computer Science,140.56,No,3 Years , Medium,"FinTech Specialist, Data Analyst, Actuarial Assistant, Statistical Officer, Teacher",Undergraduate
CRS_2192,B.Sc in Physics (Honours),B.Sc Physics (Honours),Computer Science,122.89,No,3 Years , Stable,"Laboratory Assistant, Research Fellow, Quality Inspector",Undergraduate
CRS_2193,B.Sc in Physics with Specialization in Cyber Security,B.Sc Physics (Cyber Security),Computer Science,122.78,No,3 Years , Stable,"Cyber Security Specialist, Laboratory Assistant, Research Fellow, Quality Inspector",Undergraduate
CRS_2194,B.Sc in Physics with Specialization in Cloud Computing,B.Sc Physics (Cloud Computing),Computer Science,134.13,No,3 Years , Stable,"Cloud Computing Specialist, Laboratory Assistant, Research Fellow, Quality Inspector",Undergraduate
CRS_2219,B.Sc Anesthesia Technology,B.Sc Anesthesia Technology,Diploma in Anesthesia Tech,184.3,Yes ,3 Years,High,"Anesthesia Technician, Critical Care Assistant",Undergraduate Degree
CRS_2075,B.E. in Civil Engineering (Honours),B.E. Civil Engineering (Honours),Diploma in Civil Engineering,146.24,Yes,4 Years , Stable,"Structural Engineer, Site Supervisor, Project Estimator",Undergraduate
CRS_2218,B.Sc Physician Assistant,B.Sc Physician Assistant,Diploma in Community Health,160,Yes,3 Years,Medium,"Physician Assistant, Clinical Coordinator",Undergraduate Degree
CRS_2001,B.E. in Computer Science and Engineering,B.E. Computer Science and Engineering,Diploma in Computer Engineering,190.84,Yes,4 Years , High,"Software Engineer, Full Stack Developer, Systems Engineer",Undergraduate
CRS_2003,B.E. in Computer Science and Engineering with Specialization in Cyber Security,B.E. Computer Science and Engineering (Cyber Security),Diploma in Computer Engineering,184.05,Yes,4 Years , High,"Cyber Security Specialist, Software Engineer, Full Stack Developer, Systems Engineer",Undergraduate
CRS_2007,B.E. in Computer Science and Engineering with Specialization in Blockchain Technology,B.E. Computer Science and Engineering (Blockchain Technology),Diploma in Computer Engineering,188.78,Yes,4 Years , High,"Blockchain Technology Specialist, Software Engineer, Full Stack Developer, Systems Engineer",Undergraduate
CRS_2008,B.E. in Computer Science and Engineering with Specialization in FinTech,B.E. Computer Science and Engineering (FinTech),Diploma in Computer Engineering,192.54,Yes,4 Years , High,"FinTech Specialist, Software Engineer, Full Stack Developer, Systems Engineer",Undergraduate
CRS_2009,B.E. in Computer Science and Engineering with Specialization in Digital Marketing,B.E. Computer Science and Engineering (Digital Marketing),Diploma in Computer Engineering,195.46,Yes,4 Years , High,"Digital Marketing Specialist, Software Engineer, Full Stack Developer, Systems Engineer",Undergraduate
CRS_2010,B.E. in Computer Science and Engineering with Specialization in Logistics and Supply Chain,B.E. Computer Science and Engineering (Logistics and Supply Chain),Diploma in Computer Engineering,187.21,Yes,4 Years , High,"Logistics and Supply Chain Specialist, Software Engineer, Full Stack Developer, Systems Engineer",Undergraduate
CRS_2011,B.E. in Computer Science and Engineering with Specialization in Business Analytics,B.E. Computer Science and Engineering (Business Analytics),Diploma in Computer Engineering,194.62,Yes,4 Years , High,"Business Analytics Specialist, Software Engineer, Full Stack Developer, Systems Engineer",Undergraduate
CRS_2014,B.E. in Computer Science and Engineering with Specialization in VLSI Design,B.E. Computer Science and Engineering (VLSI Design),Diploma in Computer Engineering,184.24,Yes,4 Years , High,"VLSI Design Specialist, Software Engineer, Full Stack Developer, Systems Engineer",Undergraduate
CRS_2018,B.Tech in Information Technology with Specialization in Cloud Computing,B.Tech Information Technology (Cloud Computing),Diploma in Computer Engineering,183.19,Yes,4 Years , High,"Cloud Computing Specialist, Cloud Architect, Network Engineer, Systems Analyst",Undergraduate
CRS_2019,B.Tech in Information Technology with Specialization in Data Science,B.Tech Information Technology (Data Science),Diploma in Computer Engineering,185.11,Yes,4 Years , High,"Data Science Specialist, Cloud Architect, Network Engineer, Systems Analyst",Undergraduate
CRS_2020,B.Tech in Information Technology with Specialization in Internet of Things (IoT),B.Tech Information Technology (Internet of Things (IoT)),Diploma in Computer Engineering,184.14,Yes,4 Years , High,"Internet of Things (IoT) Specialist, Cloud Architect, Network Engineer, Systems Analyst",Undergraduate
CRS_2021,B.Tech in Information Technology with Specialization in Blockchain Technology,B.Tech Information Technology (Blockchain Technology),Diploma in Computer Engineering,180.65,Yes,4 Years , High,"Blockchain Technology Specialist, Cloud Architect, Network Engineer, Systems Analyst",Undergraduate
CRS_2028,B.Tech in Information Technology with Specialization in VLSI Design,B.Tech Information Technology (VLSI Design),Diploma in Computer Engineering,185.86,Yes,4 Years , High,"VLSI Design Specialist, Cloud Architect, Network Engineer, Systems Analyst",Undergraduate
CRS_2033,B.Tech in Artificial Intelligence and Data Science with Specialization in Data Science,B.Tech Artificial Intelligence and Data Science (Data Science),Diploma in Computer Engineering,190.51,Yes,4 Years , Critical High,"Data Science Specialist, Data Scientist, AI Engineer, Machine Learning Specialist",Undergraduate
CRS_2037,B.Tech in Artificial Intelligence and Data Science with Specialization in Digital Marketing,B.Tech Artificial Intelligence and Data Science (Digital Marketing),Diploma in Computer Engineering,187.81,Yes,4 Years , Critical High,"Digital Marketing Specialist, Data Scientist, AI Engineer, Machine Learning Specialist",Undergraduate
CRS_2039,B.Tech in Artificial Intelligence and Data Science with Specialization in Business Analytics,B.Tech Artificial Intelligence and Data Science (Business Analytics),Diploma in Computer Engineering,187.31,Yes,4 Years , Critical High,"Business Analytics Specialist, Data Scientist, AI Engineer, Machine Learning Specialist",Undergraduate
CRS_2040,B.Tech in Artificial Intelligence and Data Science with Specialization in Software Systems,B.Tech Artificial Intelligence and Data Science (Software Systems),Diploma in Computer Engineering,198.74,Yes,4 Years , Critical High,"Software Systems Specialist, Data Scientist, AI Engineer, Machine Learning Specialist",Undergraduate
CRS_2041,B.Tech in Artificial Intelligence and Data Science with Specialization in Industrial Automation,B.Tech Artificial Intelligence and Data Science (Industrial Automation),Diploma in Computer Engineering,197.05,Yes,4 Years , Critical High,"Industrial Automation Specialist, Data Scientist, AI Engineer, Machine Learning Specialist",Undergraduate
CRS_2042,B.Tech in Artificial Intelligence and Data Science with Specialization in VLSI Design,B.Tech Artificial Intelligence and Data Science (VLSI Design),Diploma in Computer Engineering,187.17,Yes,4 Years , Critical High,"VLSI Design Specialist, Data Scientist, AI Engineer, Machine Learning Specialist",Undergraduate
CRS_2094,B.E. in Mechatronics Engineering,B.E. Mechatronics Engineering,Diploma in Computer Engineering,176.19,Yes,4 Years , High,"Automation Specialist, Robotics Engineer, Control Systems Engineer",Undergraduate
CRS_2095,B.E. in Mechatronics Engineering (Honours),B.E. Mechatronics Engineering (Honours),Diploma in Computer Engineering,176.75,Yes,4 Years , High,"Automation Specialist, Robotics Engineer, Control Systems Engineer",Undergraduate
CRS_2096,B.E. in Mechatronics Engineering with Specialization in Cyber Security,B.E. Mechatronics Engineering (Cyber Security),Diploma in Computer Engineering,173.21,Yes,4 Years , High,"Cyber Security Specialist, Automation Specialist, Robotics Engineer, Control Systems Engineer",Undergraduate
CRS_2097,B.E. in Mechatronics Engineering with Specialization in Cloud Computing,B.E. Mechatronics Engineering (Cloud Computing),Diploma in Computer Engineering,175.09,Yes,4 Years , High,"Cloud Computing Specialist, Automation Specialist, Robotics Engineer, Control Systems Engineer",Undergraduate
CRS_2098,B.E. in Mechatronics Engineering with Specialization in Data Science,B.E. Mechatronics Engineering (Data Science),Diploma in Computer Engineering,172.26,Yes,4 Years , High,"Data Science Specialist, Automation Specialist, Robotics Engineer, Control Systems Engineer",Undergraduate
CRS_2099,B.E. in Mechatronics Engineering with Specialization in Internet of Things (IoT),B.E. Mechatronics Engineering (Internet of Things (IoT)),Diploma in Computer Engineering,170.27,Yes,4 Years , High,"Internet of Things (IoT) Specialist, Automation Specialist, Robotics Engineer, Control Systems Engineer",Undergraduate
CRS_2111,B.E. in Agricultural Engineering with Specialization in Cloud Computing,B.E. Agricultural Engineering (Cloud Computing),Diploma in Computer Engineering,162.55,Yes,4 Years , Medium,"Cloud Computing Specialist, Agricultural Consultant, Irrigation Engineer, Farm Power Manager",Undergraduate
CRS_2215,B.Sc Dialysis Technology,B.Sc Dialysis Technology,Diploma in Dialysis Tech,184.24,Yes ,3 Years,High,"Dialysis Technologist, Nephrology Assistant",Undergraduate Degree
CRS_2049,B.E. in Electronics and Communication Engineering with Specialization in Blockchain Technology,B.E. Electronics and Communication Engineering (Blockchain Technology),Diploma in Electronics and Communication Engineering,175.59,Yes,4 Years , Medium,"Blockchain Technology Specialist, Embedded Systems Engineer, VLSI Analyst, Telecom Engineer",Undergraduate
CRS_2050,B.E. in Electronics and Communication Engineering with Specialization in FinTech,B.E. Electronics and Communication Engineering (FinTech),Diploma in Electronics and Communication Engineering,173.89,Yes,4 Years , Medium,"FinTech Specialist, Embedded Systems Engineer, VLSI Analyst, Telecom Engineer",Undergraduate
CRS_2051,B.E. in Electronics and Communication Engineering with Specialization in Digital Marketing,B.E. Electronics and Communication Engineering (Digital Marketing),Diploma in Electronics and Communication Engineering,184.68,Yes,4 Years , Medium,"Digital Marketing Specialist, Embedded Systems Engineer, VLSI Analyst, Telecom Engineer",Undergraduate
CRS_2052,B.E. in Electronics and Communication Engineering with Specialization in Logistics and Supply Chain,B.E. Electronics and Communication Engineering (Logistics and Supply Chain),Diploma in Electronics and Communication Engineering,178.6,Yes,4 Years , Medium,"Logistics and Supply Chain Specialist, Embedded Systems Engineer, VLSI Analyst, Telecom Engineer",Undergraduate
CRS_2053,B.E. in Electronics and Communication Engineering with Specialization in Business Analytics,B.E. Electronics and Communication Engineering (Business Analytics),Diploma in Electronics and Communication Engineering,178.23,Yes,4 Years , Medium,"Business Analytics Specialist, Embedded Systems Engineer, VLSI Analyst, Telecom Engineer",Undergraduate
CRS_2054,B.E. in Electronics and Communication Engineering with Specialization in Software Systems,B.E. Electronics and Communication Engineering (Software Systems),Diploma in Electronics and Communication Engineering,177.11,Yes,4 Years , Medium,"Software Systems Specialist, Embedded Systems Engineer, VLSI Analyst, Telecom Engineer",Undergraduate
CRS_2055,B.E. in Electronics and Communication Engineering with Specialization in Industrial Automation,B.E. Electronics and Communication Engineering (Industrial Automation),Diploma in Electronics and Communication Engineering,177.59,Yes,4 Years , Medium,"Industrial Automation Specialist, Embedded Systems Engineer, VLSI Analyst, Telecom Engineer",Undergraduate
CRS_2056,B.E. in Electronics and Communication Engineering with Specialization in VLSI Design,B.E. Electronics and Communication Engineering (VLSI Design),Diploma in Electronics and Communication Engineering,181.45,Yes,4 Years , Medium,"VLSI Design Specialist, Embedded Systems Engineer, VLSI Analyst, Telecom Engineer",Undergraduate
CRS_2066,B.E. in Electrical and Electronics Engineering with Specialization in Logistics and Supply Chain,B.E. Electrical and Electronics Engineering (Logistics and Supply Chain),Diploma in Electronics and Communication Engineering,171.34,Yes,4 Years , Medium,"Logistics and Supply Chain Specialist, Power Systems Engineer, Electrical Consultant, Control Systems Designer",Undergraduate
CRS_2067,B.E. in Electrical and Electronics Engineering with Specialization in Business Analytics,B.E. Electrical and Electronics Engineering (Business Analytics),Diploma in Electronics and Communication Engineering,176.69,Yes,4 Years , Medium,"Business Analytics Specialist, Power Systems Engineer, Electrical Consultant, Control Systems Designer",Undergraduate
CRS_2068,B.E. in Electrical and Electronics Engineering with Specialization in Software Systems,B.E. Electrical and Electronics Engineering (Software Systems),Diploma in Electronics and Communication Engineering,167.41,Yes,4 Years , Medium,"Software Systems Specialist, Power Systems Engineer, Electrical Consultant, Control Systems Designer",Undergraduate
CRS_2069,B.E. in Electrical and Electronics Engineering with Specialization in Industrial Automation,B.E. Electrical and Electronics Engineering (Industrial Automation),Diploma in Electronics and Communication Engineering,169.5,Yes,4 Years , Medium,"Industrial Automation Specialist, Power Systems Engineer, Electrical Consultant, Control Systems Designer",Undergraduate
CRS_2070,B.E. in Electrical and Electronics Engineering with Specialization in VLSI Design,B.E. Electrical and Electronics Engineering (VLSI Design),Diploma in Electronics and Communication Engineering,168.99,Yes,4 Years , Medium,"VLSI Design Specialist, Power Systems Engineer, Electrical Consultant, Control Systems Designer",Undergraduate
CRS_2092,B.E. in Biomedical Engineering,B.E. Biomedical Engineering,Diploma in Hospital Administration,179.82,Yes,4 Years , High,"Biomedical Instrumentation Engineer, Clinical Engineer",Undergraduate
CRS_2207,BHA (Bachelor of Hospital Administration),BHA (Bachelor of Hospital Administration),Diploma in Hospital Administration,184.15,Yes ,3 Years,Medium,"Healthcare Executive, Assistant Hospital Administrator",Undergraduate Degree
CRS_2063,B.E. in Electrical and Electronics Engineering with Specialization in Blockchain Technology,B.E. Electrical and Electronics Engineering (Blockchain Technology),Diploma in Mechanical Engineering,173.34,Yes,4 Years , Medium,"Blockchain Technology Specialist, Power Systems Engineer, Electrical Consultant, Control Systems Designer",Undergraduate
CRS_2064,B.E. in Electrical and Electronics Engineering with Specialization in FinTech,B.E. Electrical and Electronics Engineering (FinTech),Diploma in Mechanical Engineering,168.06,Yes,4 Years , Medium,"FinTech Specialist, Power Systems Engineer, Electrical Consultant, Control Systems Designer",Undergraduate
CRS_2065,B.E. in Electrical and Electronics Engineering with Specialization in Digital Marketing,B.E. Electrical and Electronics Engineering (Digital Marketing),Diploma in Mechanical Engineering,176.98,Yes,4 Years , Medium,"Digital Marketing Specialist, Power Systems Engineer, Electrical Consultant, Control Systems Designer",Undergraduate
CRS_2071,B.E. in Mechanical Engineering,B.E. Mechanical Engineering,Diploma in Mechanical Engineering,159.07,Yes,4 Years , Medium,"Design Engineer, CAD Specialist, Production Manager",Undergraduate
CRS_2072,B.E. in Mechanical Engineering (Honours),B.E. Mechanical Engineering (Honours),Diploma in Mechanical Engineering,163.24,Yes,4 Years , Medium,"Design Engineer, CAD Specialist, Production Manager",Undergraduate
CRS_2100,B.E. in Mechatronics Engineering with Specialization in Blockchain Technology,B.E. Mechatronics Engineering (Blockchain Technology),Diploma in Mechanical Engineering,179.23,Yes,4 Years , High,"Blockchain Technology Specialist, Automation Specialist, Robotics Engineer, Control Systems Engineer",Undergraduate
CRS_2101,B.E. in Mechatronics Engineering with Specialization in FinTech,B.E. Mechatronics Engineering (FinTech),Diploma in Mechanical Engineering,178.1,Yes,4 Years , High,"FinTech Specialist, Automation Specialist, Robotics Engineer, Control Systems Engineer",Undergraduate
CRS_2102,B.E. in Mechatronics Engineering with Specialization in Digital Marketing,B.E. Mechatronics Engineering (Digital Marketing),Diploma in Mechanical Engineering,178.53,Yes,4 Years , High,"Digital Marketing Specialist, Automation Specialist, Robotics Engineer, Control Systems Engineer",Undergraduate
CRS_2103,B.E. in Mechatronics Engineering with Specialization in Logistics and Supply Chain,B.E. Mechatronics Engineering (Logistics and Supply Chain),Diploma in Mechanical Engineering,174.71,Yes,4 Years , High,"Logistics and Supply Chain Specialist, Automation Specialist, Robotics Engineer, Control Systems Engineer",Undergraduate
CRS_2104,B.E. in Mechatronics Engineering with Specialization in Business Analytics,B.E. Mechatronics Engineering (Business Analytics),Diploma in Mechanical Engineering,168.64,Yes,4 Years , High,"Business Analytics Specialist, Automation Specialist, Robotics Engineer, Control Systems Engineer",Undergraduate
CRS_2105,B.E. in Mechatronics Engineering with Specialization in Software Systems,B.E. Mechatronics Engineering (Software Systems),Diploma in Mechanical Engineering,168.21,Yes,4 Years , High,"Software Systems Specialist, Automation Specialist, Robotics Engineer, Control Systems Engineer",Undergraduate
CRS_2106,B.E. in Mechatronics Engineering with Specialization in Industrial Automation,B.E. Mechatronics Engineering (Industrial Automation),Diploma in Mechanical Engineering,175.31,Yes,4 Years , High,"Industrial Automation Specialist, Automation Specialist, Robotics Engineer, Control Systems Engineer",Undergraduate
CRS_2107,B.E. in Mechatronics Engineering with Specialization in VLSI Design,B.E. Mechatronics Engineering (VLSI Design),Diploma in Mechanical Engineering,175.72,Yes,4 Years , High,"VLSI Design Specialist, Automation Specialist, Robotics Engineer, Control Systems Engineer",Undergraduate
CRS_2079,B.Tech in Chemical Engineering (Honours),B.Tech Chemical Engineering (Honours),Diploma in Medical Laboratory Technology,166.07,Yes,4 Years , Medium,"Process Safety Engineer, Chemical Plant Operator, R&D Chemist",Undergraduate
CRS_2080,B.Tech in Chemical Engineering with Specialization in Cyber Security,B.Tech Chemical Engineering (Cyber Security),Diploma in Medical Laboratory Technology,164.77,Yes,4 Years , Medium,"Cyber Security Specialist, Process Safety Engineer, Chemical Plant Operator, R&D Chemist",Undergraduate
CRS_2081,B.Tech in Chemical Engineering with Specialization in Cloud Computing,B.Tech Chemical Engineering (Cloud Computing),Diploma in Medical Laboratory Technology,170.07,Yes,4 Years , Medium,"Cloud Computing Specialist, Process Safety Engineer, Chemical Plant Operator, R&D Chemist",Undergraduate
CRS_2082,B.Tech in Chemical Engineering with Specialization in Data Science,B.Tech Chemical Engineering (Data Science),Diploma in Medical Laboratory Technology,174.17,Yes,4 Years , Medium,"Data Science Specialist, Process Safety Engineer, Chemical Plant Operator, R&D Chemist",Undergraduate
CRS_2083,B.Tech in Chemical Engineering with Specialization in Internet of Things (IoT),B.Tech Chemical Engineering (Internet of Things (IoT)),Diploma in Medical Laboratory Technology,165.41,Yes,4 Years , Medium,"Internet of Things (IoT) Specialist, Process Safety Engineer, Chemical Plant Operator, R&D Chemist",Undergraduate
CRS_2084,B.Tech in Chemical Engineering with Specialization in Blockchain Technology,B.Tech Chemical Engineering (Blockchain Technology),Diploma in Medical Laboratory Technology,173.83,Yes,4 Years , Medium,"Blockchain Technology Specialist, Process Safety Engineer, Chemical Plant Operator, R&D Chemist",Undergraduate
CRS_2085,B.Tech in Chemical Engineering with Specialization in FinTech,B.Tech Chemical Engineering (FinTech),Diploma in Medical Laboratory Technology,173.46,Yes,4 Years , Medium,"FinTech Specialist, Process Safety Engineer, Chemical Plant Operator, R&D Chemist",Undergraduate
CRS_2086,B.Tech in Chemical Engineering with Specialization in Digital Marketing,B.Tech Chemical Engineering (Digital Marketing),Diploma in Medical Laboratory Technology,162.39,Yes,4 Years , Medium,"Digital Marketing Specialist, Process Safety Engineer, Chemical Plant Operator, R&D Chemist",Undergraduate
CRS_2205,B.Sc MLT (Medical Laboratory Technology),B.Sc MLT (Medical Laboratory Technology),Diploma in Medical Laboratory Technology,188.33,Yes ,3 Years,High,"Medical Lab Technologist, Lab Manager, Pathologist Asst.",Undergraduate Degree
CRS_2206,B.Sc OTT (Operation Theatre Technology),B.Sc OTT (Operation Theatre Technology),Diploma in Operation Theatre Technology,184.14,Yes ,3 Years,High,"Operation Theatre Technologist, Surgical Assistant",Undergraduate Degree
CRS_2208,B.Pharm (Bachelor of Pharmacy),B.Pharm (Bachelor of Pharmacy),Diploma in Pharmacy,188.78,Yes ,4 Years,High,"Pharmacist, Drug Inspector, Quality Control Executive",Undergraduate Degree
CRS_2209,Pharm.D (Doctor of Pharmacy),Pharm.D (Doctor of Pharmacy),Diploma in Pharmacy,184.84,Yes ,6 Years,Medium,"Clinical Pharmacist, Medical Writer, Pharmacy Consultant",Doctoral Degree
CRS_2203,BPT (Bachelor of Physiotherapy),BPT (Bachelor of Physiotherapy),Diploma in Physiotherapy,185.11,Yes ,4.5 Years,High,"Physiotherapist, Sports Rehab Specialist, Osteopath",Undergraduate Degree
CRS_2204,B.Sc Nursing,B.Sc Nursing,General Nursing and Midwifery,184.68,Yes ,4 Years,High,"Staff Nurse, Pediatric Nurse, Nursing Supervisor",Undergraduate Degree
CRS_2108,B.E. in Agricultural Engineering,B.E. Agricultural Engineering,Pure Science,162.18,Yes,4 Years , Medium,"Agricultural Consultant, Irrigation Engineer, Farm Power Manager",Undergraduate
CRS_2109,B.E. in Agricultural Engineering (Honours),B.E. Agricultural Engineering (Honours),Pure Science,167.64,Yes,4 Years , Medium,"Agricultural Consultant, Irrigation Engineer, Farm Power Manager",Undergraduate
CRS_2116,B.E. in Agricultural Engineering with Specialization in Digital Marketing,B.E. Agricultural Engineering (Digital Marketing),Pure Science,157.76,Yes,4 Years , Medium,"Digital Marketing Specialist, Agricultural Consultant, Irrigation Engineer, Farm Power Manager",Undergraduate
CRS_2210,BAMS (Bachelor of Ayurvedic Medicine and Surgery),BAMS (Bachelor of Ayurvedic Medicine and Surgery),Pure Science,193.95,No,5.5 Years,Medium,"Ayurvedic Doctor, Panchakarma Specialist",Undergraduate Degree
CRS_2216,B.Sc Respiratory Therapy,B.Sc Respiratory Therapy,Pure Science,190.56,Yes ,3 Years,Medium,"Respiratory Therapist, ICU Consultant Assistant",Undergraduate Degree
CRS_2217,BASLP (Bachelor of Audiology & Speech-Language Pathology),BASLP (Bachelor of Audiology & Speech-Language Pathology),Pure Science,190.75,Yes ,4 Years,Medium,"Audiologist, Speech Therapist",Undergraduate Degree
CRS_2201,MBBS (Bachelor of Medicine and Bachelor of Surgery),MBBS (Bachelor of Medicine and Bachelor of Surgery),Pure Science  ,192.54,No,5.5 Years,Low (Direct UG only),"General Physician, Medical Officer, Resident Doctor",Undergraduate 
