student_id,student_name,dob,email_id,phone,twelveth_diploma_group,mark_percentage,board,school_name,caste,religion,nationality,address,city,father_name
TN2026STU0001,Adithya N,4/3/2006,adithya.n27@example.com,923756669,Diploma in Computer Engineering,58.87,State Board,"Adarsh Vidyalaya Higher Secondary School, Madurai",OBC,Hindu,Indian,"No. 7, Main Road, Madurai, Tamil Nadu",Madurai,Arumugam N
TN2026STU0002,Meena Pandian,5/10/2007,meena.pandian38@example.com,970291817,Diploma in Civil Engineering,67.38,State Board,"Government Higher Secondary School, Tirunelveli",BC,Hindu,Indian,"No. 40, Main Road, Tirunelveli, Tamil Nadu",Tirunelveli,Dharmalingam Pandian
TN2026STU0003,Pooja J,7/9/2005,pooja.j58@example.com,922981052,Arts,92.71,State Board,"Bharathi Vidya Bhavan, Coimbatore",BC,Hindu,Indian,"No. 97, Main Road, Coimbatore, Tamil Nadu",Coimbatore,Krishnan J
TN2026STU0004,Bhavani T,1/11/2007,bhavani.t83@example.com,935808537,Computer Science,57.04,State Board,"DAV Boy's Senior Secondary School, Madurai",MBC,Christian,Indian,"No. 98, Main Road, Madurai, Tamil Nadu",Madurai,Jayaraman T
TN2026STU0005,Suresh Pandian,11/30/2005,suresh.pandian57@example.com,957683626,Commerce with Computer Science,84.82,State Board,"St. Joseph's Higher Secondary School, Tirunelveli",BC,Hindu,Indian,"No. 119, Main Road, Tirunelveli, Tamil Nadu",Tirunelveli,Chidambaram Pandian
TN2026STU0006,Mani Pandian,3/26/2006,mani.pandian97@example.com,953524491,Bio-Maths,65.19,CBSE,"Government Higher Secondary School, Dindigul",OBC,Hindu,Indian,"No. 146, Main Road, Dindigul, Tamil Nadu",Dindigul,Dharmalingam Pandian
TN2026STU0007,Jayan Pandian,3/22/2007,jayan.pandian92@example.com,971586053,Pure Science,66.79,State Board,"DAV Boy's Senior Secondary School, Karur",OBC,Hindu,Indian,"No. 150, Main Road, Karur, Tamil Nadu",Karur,Baskar Pandian
TN2026STU0008,Ramesh V,11/10/2007,ramesh.v73@example.com,922201654,Bio-Maths,93.32,State Board,"Kendriya Vidyalaya, Virudhunagar",BC,Hindu,Indian,"No. 120, Main Road, Virudhunagar, Tamil Nadu",Virudhunagar,Srinivasan V
TN2026STU0009,Bhavani M,10/28/2008,bhavani.m78@example.com,945812670,Arts,59.96,State Board,"Adarsh Vidyalaya Higher Secondary School, Chennai",SC,Christian,Indian,"No. 68, Main Road, Chennai, Tamil Nadu",Chennai,Krishnan M
TN2026STU0010,Abirami S,8/1/2008,abirami.s74@example.com,991734598,Commerce with Computer Science,61.8,State Board,"Kendriya Vidyalaya, Thiruvarur",SC,Hindu,Indian,"No. 126, Main Road, Thiruvarur, Tamil Nadu",Thiruvarur,Velu S
TN2026STU0011,Deepak E,5/6/2006,deepak.e17@example.com,942329237,Diploma in Civil Engineering,97.14,State Board,"St. Joseph's Higher Secondary School, Madurai",SC,Hindu,Indian,"No. 33, Main Road, Madurai, Tamil Nadu",Madurai,Velu E
TN2026STU0012,Janani Selvam,12/5/2005,janani.selvam43@example.com,980823176,Diploma in Civil Engineering,73.83,CBSE,"DAV Boy's Senior Secondary School, Vellore",BC,Hindu,Indian,"No. 96, Main Road, Vellore, Tamil Nadu",Vellore,Dharmalingam Selvam
TN2026STU0013,Swetha Murugan,9/5/2005,swetha.murugan41@example.com,940158366,Computer Science,70.04,State Board,"Bharathi Vidya Bhavan, Namakkal",OBC,Hindu,Indian,"No. 16, Main Road, Namakkal, Tamil Nadu",Namakkal,Prasad Murugan
TN2026STU0014,Bala K,5/26/2005,bala.k75@example.com,941944441,Commerce with Business Maths,84.77,State Board,"DAV Boy's Senior Secondary School, Namakkal",BC,Hindu,Indian,"No. 122, Main Road, Namakkal, Tamil Nadu",Namakkal,Subramanian K
TN2026STU0015,Ilango S,9/11/2008,ilango.s65@example.com,957553014,Diploma in Mechanical Engineering,73.29,State Board,"Government Higher Secondary School, Trichy",General,Hindu,Indian,"No. 28, Main Road, Trichy, Tamil Nadu",Trichy,Krishnan S
TN2026STU0016,Ilango G,7/8/2007,ilango.g27@example.com,966623995,Pure Science,67.4,CBSE,"DAV Boy's Senior Secondary School, Madurai",OBC,Christian,Indian,"No. 141, Main Road, Madurai, Tamil Nadu",Madurai,Dharmalingam G
TN2026STU0017,Arun Pandian,1/31/2005,arun.pandian21@example.com,941726318,Pure Science,73.09,State Board,"SRV Boys Higher Secondary School, Dindigul",SC,Hindu,Indian,"No. 1, Main Road, Dindigul, Tamil Nadu",Dindigul,Dharmalingam Pandian
TN2026STU0018,Logesh Rajan,5/17/2007,logesh.rajan99@example.com,984593961,Diploma in ECE,61.89,State Board,"Chinmaya Vidyalaya, Coimbatore",BC,Hindu,Indian,"No. 81, Main Road, Coimbatore, Tamil Nadu",Coimbatore,Velu Rajan
TN2026STU0019,Arun Balan,10/27/2007,arun.balan77@example.com,931130263,Bio-Maths,97.75,CBSE,"St. Joseph's Higher Secondary School, Madurai",BC,Hindu,Indian,"No. 61, Main Road, Madurai, Tamil Nadu",Madurai,Baskar Balan
TN2026STU0020,Deepak Balan,3/31/2008,deepak.balan86@example.com,915334035,Diploma in Civil Engineering,58.65,State Board,"Bharathi Vidya Bhavan, Thiruvallur",SC,Hindu,Indian,"No. 81, Main Road, Thiruvallur, Tamil Nadu",Thiruvallur,Arumugam Balan
TN2026STU0021,Logesh Mani,10/7/2008,logesh.mani92@example.com,950264926,Diploma in ECE,69.07,State Board,"St. Joseph's Higher Secondary School, Pudukkottai",ST,Islam,Indian,"No. 19, Main Road, Pudukkottai, Tamil Nadu",Pudukkottai,Srinivasan Mani
TN2026STU0022,Abirami N,12/16/2006,abirami.n18@example.com,942787299,Arts,67.68,CBSE,"SRV Boys Higher Secondary School, Kancheepuram",BC,Islam,Indian,"No. 136, Main Road, Kancheepuram, Tamil Nadu",Kancheepuram,Srinivasan N
TN2026STU0023,Janani Nathan,9/20/2008,janani.nathan23@example.com,928024248,Commerce with Business Maths,60.14,State Board,"St. Joseph's Higher Secondary School, Salem",OBC,Hindu,Indian,"No. 88, Main Road, Salem, Tamil Nadu",Salem,Velu Nathan
TN2026STU0024,Kavitha Pandian,11/2/2007,kavitha.pandian72@example.com,943704923,Bio-Maths,59.11,CBSE,"Adarsh Vidyalaya Higher Secondary School, Coimbatore",General,Hindu,Indian,"No. 68, Main Road, Coimbatore, Tamil Nadu",Coimbatore,Palani Pandian
TN2026STU0025,Nisha Rajan,12/16/2008,nisha.rajan64@example.com,985283645,Bio-Maths,59.98,State Board,"Kendriya Vidyalaya, Cuddalore",BC,Hindu,Indian,"No. 33, Main Road, Cuddalore, Tamil Nadu",Cuddalore,Dharmalingam Rajan
TN2026STU0026,Naveen E,1/3/2007,naveen.e36@example.com,943491314,Computer Science,70.74,CBSE,"Amrita Vidyalayam, Virudhunagar",SC,Hindu,Indian,"No. 61, Main Road, Virudhunagar, Tamil Nadu",Virudhunagar,Ganesan E
TN2026STU0027,Ramya A,2/20/2005,ramya.a32@example.com,954585178,Diploma in Mechanical Engineering,90.7,State Board,"DAV Boy's Senior Secondary School, Trichy",OBC,Hindu,Indian,"No. 121, Main Road, Trichy, Tamil Nadu",Trichy,Narayanan A
TN2026STU0028,Ilango Rajan,9/18/2006,ilango.rajan39@example.com,939920292,Bio-Maths,84.37,State Board,"Adarsh Vidyalaya Higher Secondary School, Madurai",SC,Hindu,Indian,"No. 131, Main Road, Madurai, Tamil Nadu",Madurai,Chidambaram Rajan
TN2026STU0029,Kavitha Nathan,2/26/2005,kavitha.nathan24@example.com,945059710,Pure Science,80.84,State Board,"Chinmaya Vidyalaya, Pudukkottai",OBC,Hindu,Indian,"No. 81, Main Road, Pudukkottai, Tamil Nadu",Pudukkottai,Subramanian Nathan
TN2026STU0030,Gayathri Murugan,2/28/2007,gayathri.murugan83@example.com,935511941,Commerce with Business Maths,56.98,State Board,"Adarsh Vidyalaya Higher Secondary School, Karur",BC,Christian,Indian,"No. 51, Main Road, Karur, Tamil Nadu",Karur,Krishnan Murugan
TN2026STU0031,Sathish R,6/30/2008,sathish.r50@example.com,999038359,Computer Science,87.03,State Board,"Chinmaya Vidyalaya, Virudhunagar",OBC,Hindu,Indian,"No. 142, Main Road, Virudhunagar, Tamil Nadu",Virudhunagar,Subramanian R
TN2026STU0032,Ilango Kumar,10/19/2008,ilango.kumar32@example.com,992613013,Diploma in Civil Engineering,68.39,CBSE,"Amrita Vidyalayam, Kancheepuram",OBC,Hindu,Indian,"No. 149, Main Road, Kancheepuram, Tamil Nadu",Kancheepuram,Sundaram Kumar
TN2026STU0033,Suresh Rajan,10/15/2008,suresh.rajan37@example.com,978608612,Diploma in ECE,90.32,State Board,"Kendriya Vidyalaya, Kancheepuram",BC,Hindu,Indian,"No. 86, Main Road, Kancheepuram, Tamil Nadu",Kancheepuram,Prasad Rajan
TN2026STU0034,Rathi V,4/6/2006,rathi.v35@example.com,929777514,Bio-Maths,57.06,State Board,"SRV Boys Higher Secondary School, Madurai",OBC,Christian,Indian,"No. 148, Main Road, Madurai, Tamil Nadu",Madurai,Velu V
TN2026STU0035,Meena Mani,3/30/2007,meena.mani41@example.com,929806690,Bio-Maths,94.72,State Board,"St. Joseph's Higher Secondary School, Erode",OBC,Islam,Indian,"No. 133, Main Road, Erode, Tamil Nadu",Erode,Baskar Mani
TN2026STU0036,Arun Nathan,9/6/2005,arun.nathan68@example.com,927896471,Diploma in ECE,84.71,State Board,"Amrita Vidyalayam, Tuticorin",BC,Hindu,Indian,"No. 130, Main Road, Tuticorin, Tamil Nadu",Tuticorin,Arumugam Nathan
TN2026STU0037,Sandhya Nathan,11/22/2005,sandhya.nathan70@example.com,970407340,Commerce with Business Maths,88.45,State Board,"Chinmaya Vidyalaya, Thiruvarur",OBC,Hindu,Indian,"No. 113, Main Road, Thiruvarur, Tamil Nadu",Thiruvarur,Prasad Nathan
TN2026STU0038,Meena T,7/11/2006,meena.t52@example.com,952910691,Diploma in Computer Engineering,58.59,State Board,"Kendriya Vidyalaya, Salem",BC,Hindu,Indian,"No. 105, Main Road, Salem, Tamil Nadu",Salem,Arumugam T
TN2026STU0039,Archana Rajan,5/8/2005,archana.rajan36@example.com,966390708,Diploma in Mechanical Engineering,95.27,CBSE,"Bharathi Vidya Bhavan, Chennai",MBC,Hindu,Indian,"No. 98, Main Road, Chennai, Tamil Nadu",Chennai,Narayanan Rajan
TN2026STU0040,Aravind E,3/10/2007,aravind.e63@example.com,982238741,Diploma in Computer Engineering,90.59,State Board,"DAV Boy's Senior Secondary School, Thanjavur",OBC,Hindu,Indian,"No. 87, Main Road, Thanjavur, Tamil Nadu",Thanjavur,Velu E
TN2026STU0041,Nandhini A,9/19/2005,nandhini.a89@example.com,981688860,Bio-Maths,95.36,State Board,"Bharathi Vidya Bhavan, Chennai",General,Hindu,Indian,"No. 119, Main Road, Chennai, Tamil Nadu",Chennai,Prasad A
TN2026STU0042,Arun N,11/2/2006,arun.n37@example.com,971028710,Arts,70.02,State Board,"Adarsh Vidyalaya Higher Secondary School, Virudhunagar",OBC,Hindu,Indian,"No. 5, Main Road, Virudhunagar, Tamil Nadu",Virudhunagar,Sundaram N
TN2026STU0043,Rajesh V,8/27/2008,rajesh.v15@example.com,914164775,Commerce with Computer Science,63.87,State Board,"Government Higher Secondary School, Erode",OBC,Hindu,Indian,"No. 145, Main Road, Erode, Tamil Nadu",Erode,Raman V
TN2026STU0044,Suresh N,12/10/2005,suresh.n87@example.com,991503378,Computer Science,89.61,ICSE,"Kendriya Vidyalaya, Trichy",BC,Christian,Indian,"No. 148, Main Road, Trichy, Tamil Nadu",Trichy,Chidambaram N
TN2026STU0045,Santhosh G,4/27/2008,santhosh.g98@example.com,994187049,Commerce with Computer Science,59.53,CBSE,"Chinmaya Vidyalaya, Pudukkottai",MBC,Hindu,Indian,"No. 145, Main Road, Pudukkottai, Tamil Nadu",Pudukkottai,Raman G
TN2026STU0046,Rajesh Nathan,9/16/2008,rajesh.nathan57@example.com,919255216,Diploma in Computer Engineering,83.82,CBSE,"Government Higher Secondary School, Nagercoil",OBC,Islam,Indian,"No. 118, Main Road, Nagercoil, Tamil Nadu",Nagercoil,Narayanan Nathan
TN2026STU0047,Sathish A,8/25/2008,sathish.a44@example.com,992666356,Diploma in Computer Engineering,89.47,State Board,"SRV Boys Higher Secondary School, Namakkal",OBC,Christian,Indian,"No. 23, Main Road, Namakkal, Tamil Nadu",Namakkal,Chandran A
TN2026STU0048,Sneha Rajan,8/10/2007,sneha.rajan82@example.com,991917334,Diploma in Mechanical Engineering,69.97,CBSE,"SRV Boys Higher Secondary School, Tirunelveli",OBC,Hindu,Indian,"No. 67, Main Road, Tirunelveli, Tamil Nadu",Tirunelveli,Arumugam Rajan
TN2026STU0049,Mani Sekar,2/13/2008,mani.sekar11@example.com,979340535,Commerce with Computer Science,58.81,State Board,"Adarsh Vidyalaya Higher Secondary School, Erode",BC,Hindu,Indian,"No. 126, Main Road, Erode, Tamil Nadu",Erode,Palani Sekar
TN2026STU0050,Priyanka M,8/26/2006,priyanka.m38@example.com,964277800,Commerce with Computer Science,68.63,State Board,"Bharathi Vidya Bhavan, Karur",BC,Hindu,Indian,"No. 141, Main Road, Karur, Tamil Nadu",Karur,Raman M
TN2026STU0051,Rajesh Rajan,9/20/2006,rajesh.rajan42@example.com,940942292,Computer Science,87.1,State Board,"Don Bosco Higher Secondary School, Karur",SC,Hindu,Indian,"No. 50, Main Road, Karur, Tamil Nadu",Karur,Palani Rajan
TN2026STU0052,Nisha Selvam,4/22/2008,nisha.selvam77@example.com,990099897,Commerce with Business Maths,98.63,State Board,"DAV Boy's Senior Secondary School, Cuddalore",OBC,Hindu,Indian,"No. 137, Main Road, Cuddalore, Tamil Nadu",Cuddalore,Palani Selvam
TN2026STU0053,Mani K,2/8/2008,mani.k47@example.com,926948946,Diploma in ECE,59.57,State Board,"Government Higher Secondary School, Nagercoil",OBC,Hindu,Indian,"No. 14, Main Road, Nagercoil, Tamil Nadu",Nagercoil,Ganesan K
TN2026STU0054,Shalini Selvam,5/14/2005,shalini.selvam61@example.com,976001106,Computer Science,80.68,State Board,"Government Higher Secondary School, Namakkal",SC,Hindu,Indian,"No. 64, Main Road, Namakkal, Tamil Nadu",Namakkal,Krishnan Selvam
TN2026STU0055,Bhavani Kumar,5/5/2008,bhavani.kumar89@example.com,940291214,Diploma in Computer Engineering,71.93,State Board,"SRV Boys Higher Secondary School, Namakkal",ST,Hindu,Indian,"No. 16, Main Road, Namakkal, Tamil Nadu",Namakkal,Jayaraman Kumar
TN2026STU0056,Pooja G,6/26/2006,pooja.g94@example.com,920896797,Pure Science,65.67,State Board,"Amrita Vidyalayam, Chennai",OBC,Hindu,Indian,"No. 121, Main Road, Chennai, Tamil Nadu",Chennai,Selvam G
TN2026STU0057,Anand V,12/18/2008,anand.v46@example.com,970939053,Computer Science,85.59,State Board,"Chinmaya Vidyalaya, Namakkal",BC,Christian,Indian,"No. 109, Main Road, Namakkal, Tamil Nadu",Namakkal,Velu V
TN2026STU0058,Archana V,6/29/2006,archana.v28@example.com,919584466,Bio-Maths,62.38,State Board,"Chinmaya Vidyalaya, Namakkal",SC,Hindu,Indian,"No. 120, Main Road, Namakkal, Tamil Nadu",Namakkal,Srinivasan V
TN2026STU0059,Keerthana Mani,10/22/2007,keerthana.mani79@example.com,976276072,Diploma in ECE,58.58,CBSE,"Government Higher Secondary School, Thiruvallur",BC,Hindu,Indian,"No. 59, Main Road, Thiruvallur, Tamil Nadu",Thiruvallur,Palani Mani
TN2026STU0060,Pooja Lingam,3/26/2008,pooja.lingam15@example.com,933513701,Diploma in ECE,78.09,CBSE,"SRV Boys Higher Secondary School, Tirunelveli",ST,Hindu,Indian,"No. 126, Main Road, Tirunelveli, Tamil Nadu",Tirunelveli,Palani Lingam
TN2026STU0061,Vignesh E,11/14/2006,vignesh.e51@example.com,999943797,Computer Science,93.17,State Board,"Don Bosco Higher Secondary School, Nagercoil",OBC,Christian,Indian,"No. 141, Main Road, Nagercoil, Tamil Nadu",Nagercoil,Narayanan E
TN2026STU0062,Suresh R,6/1/2006,suresh.r51@example.com,925558733,Diploma in Mechanical Engineering,93.49,State Board,"Government Higher Secondary School, Karur",OBC,Hindu,Indian,"No. 133, Main Road, Karur, Tamil Nadu",Karur,Subramanian R
TN2026STU0063,Gowri Selvam,4/16/2005,gowri.selvam36@example.com,945843681,Diploma in Computer Engineering,60.83,State Board,"Chinmaya Vidyalaya, Nagercoil",OBC,Islam,Indian,"No. 62, Main Road, Nagercoil, Tamil Nadu",Nagercoil,Prasad Selvam
TN2026STU0064,Naveen Nathan,2/6/2008,naveen.nathan62@example.com,922510327,Commerce with Computer Science,99.16,State Board,"St. Joseph's Higher Secondary School, Trichy",BC,Hindu,Indian,"No. 75, Main Road, Trichy, Tamil Nadu",Trichy,Murugan Nathan
TN2026STU0065,Saravanan Selvam,5/15/2006,saravanan.selvam68@example.com,983989546,Pure Science,72.07,State Board,"Bharathi Vidya Bhavan, Salem",MBC,Hindu,Indian,"No. 107, Main Road, Salem, Tamil Nadu",Salem,Baskar Selvam
TN2026STU0066,Vidhya Murugan,1/6/2005,vidhya.murugan46@example.com,950071487,Diploma in Civil Engineering,80.81,CBSE,"SRV Boys Higher Secondary School, Tuticorin",BC,Hindu,Indian,"No. 142, Main Road, Tuticorin, Tamil Nadu",Tuticorin,Palani Murugan
TN2026STU0067,Suresh J,11/29/2008,suresh.j40@example.com,986745380,Diploma in Mechanical Engineering,65.39,State Board,"Adarsh Vidyalaya Higher Secondary School, Nagercoil",BC,Hindu,Indian,"No. 99, Main Road, Nagercoil, Tamil Nadu",Nagercoil,Selvam J
TN2026STU0068,Vijay K,10/26/2007,vijay.k85@example.com,954559574,Computer Science,93.9,State Board,"SRV Boys Higher Secondary School, Tuticorin",General,Hindu,Indian,"No. 40, Main Road, Tuticorin, Tamil Nadu",Tuticorin,Srinivasan K
TN2026STU0069,Vignesh N,6/30/2008,vignesh.n98@example.com,963349308,Computer Science,92.9,State Board,"Amrita Vidyalayam, Thiruvallur",BC,Christian,Indian,"No. 125, Main Road, Thiruvallur, Tamil Nadu",Thiruvallur,Subramanian N
TN2026STU0070,Gowri R,7/16/2008,gowri.r97@example.com,948571356,Commerce with Computer Science,88.23,ICSE,"Adarsh Vidyalaya Higher Secondary School, Trichy",OBC,Hindu,Indian,"No. 8, Main Road, Trichy, Tamil Nadu",Trichy,Arumugam R
TN2026STU0071,Prabhu K,1/5/2007,prabhu.k57@example.com,967805802,Pure Science,65.87,State Board,"Adarsh Vidyalaya Higher Secondary School, Tirunelveli",OBC,Hindu,Indian,"No. 98, Main Road, Tirunelveli, Tamil Nadu",Tirunelveli,Velu K
TN2026STU0072,Vijay Balan,4/21/2006,vijay.balan69@example.com,995618110,Commerce with Business Maths,75.45,CBSE,"Government Higher Secondary School, Tuticorin",SC,Hindu,Indian,"No. 41, Main Road, Tuticorin, Tamil Nadu",Tuticorin,Srinivasan Balan
TN2026STU0073,Siva E,9/5/2006,siva.e91@example.com,966949781,Commerce with Business Maths,75.33,State Board,"Chinmaya Vidyalaya, Dindigul",MBC,Hindu,Indian,"No. 98, Main Road, Dindigul, Tamil Nadu",Dindigul,Gunasekaran E
TN2026STU0074,Deepika T,2/14/2005,deepika.t94@example.com,963124147,Commerce with Business Maths,55.36,CBSE,"Government Higher Secondary School, Nagercoil",MBC,Christian,Indian,"No. 59, Main Road, Nagercoil, Tamil Nadu",Nagercoil,Velu T
TN2026STU0075,Karthik Pandian,6/25/2008,karthik.pandian42@example.com,998473848,Pure Science,82.96,State Board,"Government Higher Secondary School, Tuticorin",General,Hindu,Indian,"No. 34, Main Road, Tuticorin, Tamil Nadu",Tuticorin,Selvam Pandian
TN2026STU0076,Uma T,5/1/2007,uma.t32@example.com,936950221,Pure Science,90,State Board,"Don Bosco Higher Secondary School, Thanjavur",MBC,Hindu,Indian,"No. 124, Main Road, Thanjavur, Tamil Nadu",Thanjavur,Subramanian T
TN2026STU0077,Nisha J,8/18/2007,nisha.j19@example.com,928892086,Commerce with Computer Science,93.28,ICSE,"Adarsh Vidyalaya Higher Secondary School, Karur",OBC,Hindu,Indian,"No. 4, Main Road, Karur, Tamil Nadu",Karur,Krishnan J
TN2026STU0078,Archana S,1/25/2007,archana.s96@example.com,945186708,Diploma in Civil Engineering,71.96,State Board,"Don Bosco Higher Secondary School, Erode",OBC,Hindu,Indian,"No. 144, Main Road, Erode, Tamil Nadu",Erode,Prasad S
TN2026STU0079,Uma Sekar,8/19/2008,uma.sekar18@example.com,995282470,Diploma in ECE,95.47,State Board,"Chinmaya Vidyalaya, Trichy",OBC,Christian,Indian,"No. 78, Main Road, Trichy, Tamil Nadu",Trichy,Arumugam Sekar
TN2026STU0080,Deepak S,1/6/2008,deepak.s27@example.com,962163160,Diploma in ECE,71.51,State Board,"Amrita Vidyalayam, Salem",MBC,Hindu,Indian,"No. 126, Main Road, Salem, Tamil Nadu",Salem,Arumugam S
TN2026STU0081,Mani K,3/21/2006,mani.k66@example.com,969686067,Commerce with Computer Science,93.07,ICSE,"St. Joseph's Higher Secondary School, Cuddalore",BC,Islam,Indian,"No. 92, Main Road, Cuddalore, Tamil Nadu",Cuddalore,Chidambaram K
TN2026STU0082,Santhosh N,9/8/2005,santhosh.n68@example.com,922304198,Commerce with Computer Science,83.56,ICSE,"Bharathi Vidya Bhavan, Coimbatore",MBC,Hindu,Indian,"No. 33, Main Road, Coimbatore, Tamil Nadu",Coimbatore,Selvam N
TN2026STU0083,Bala Nathan,4/15/2008,bala.nathan37@example.com,941272553,Arts,89.46,State Board,"Bharathi Vidya Bhavan, Salem",ST,Hindu,Indian,"No. 45, Main Road, Salem, Tamil Nadu",Salem,Selvam Nathan
TN2026STU0084,Janani M,1/31/2005,janani.m55@example.com,941934639,Diploma in Civil Engineering,69.41,State Board,"Kendriya Vidyalaya, Salem",BC,Hindu,Indian,"No. 17, Main Road, Salem, Tamil Nadu",Salem,Srinivasan M
TN2026STU0085,Siva E,4/30/2008,siva.e23@example.com,970667140,Diploma in Computer Engineering,64.86,State Board,"Bharathi Vidya Bhavan, Thiruvarur",OBC,Hindu,Indian,"No. 8, Main Road, Thiruvarur, Tamil Nadu",Thiruvarur,Chandran E
TN2026STU0086,Vignesh Mani,11/6/2008,vignesh.mani23@example.com,975802771,Diploma in ECE,58.27,State Board,"St. Joseph's Higher Secondary School, Salem",General,Hindu,Indian,"No. 150, Main Road, Salem, Tamil Nadu",Salem,Narayanan Mani
TN2026STU0087,Sanjay Sekar,8/27/2006,sanjay.sekar68@example.com,977853916,Diploma in Civil Engineering,74.14,CBSE,"St. Joseph's Higher Secondary School, Karur",BC,Hindu,Indian,"No. 116, Main Road, Karur, Tamil Nadu",Karur,Chandran Sekar
TN2026STU0088,Saravanan J,3/28/2007,saravanan.j63@example.com,922762205,Arts,73.99,State Board,"Chinmaya Vidyalaya, Salem",BC,Hindu,Indian,"No. 24, Main Road, Salem, Tamil Nadu",Salem,Prasad J
TN2026STU0089,Bharathi Kumar,2/3/2007,bharathi.kumar26@example.com,984674816,Bio-Maths,81.1,State Board,"Amrita Vidyalayam, Trichy",OBC,Christian,Indian,"No. 109, Main Road, Trichy, Tamil Nadu",Trichy,Krishnan Kumar
TN2026STU0090,Manoj Sekar,12/22/2006,manoj.sekar23@example.com,987566910,Diploma in Computer Engineering,64.47,State Board,"SRV Boys Higher Secondary School, Trichy",OBC,Hindu,Indian,"No. 30, Main Road, Trichy, Tamil Nadu",Trichy,Velu Sekar
TN2026STU0091,Deepika V,2/23/2008,deepika.v89@example.com,992352411,Diploma in Computer Engineering,56.17,State Board,"Chinmaya Vidyalaya, Thanjavur",BC,Hindu,Indian,"No. 87, Main Road, Thanjavur, Tamil Nadu",Thanjavur,Narayanan V
TN2026STU0092,Aravind A,3/5/2008,aravind.a94@example.com,963792364,Computer Science,61.31,State Board,"Government Higher Secondary School, Thiruvarur",OBC,Hindu,Indian,"No. 88, Main Road, Thiruvarur, Tamil Nadu",Thiruvarur,Srinivasan A
TN2026STU0093,Ramesh T,3/8/2008,ramesh.t86@example.com,921402740,Bio-Maths,61.92,State Board,"Bharathi Vidya Bhavan, Madurai",OBC,Hindu,Indian,"No. 125, Main Road, Madurai, Tamil Nadu",Madurai,Subramanian T
TN2026STU0094,Saravanan N,11/16/2007,saravanan.n24@example.com,956328316,Diploma in Mechanical Engineering,59.93,State Board,"Bharathi Vidya Bhavan, Kancheepuram",General,Hindu,Indian,"No. 15, Main Road, Kancheepuram, Tamil Nadu",Kancheepuram,Selvam N
TN2026STU0095,Jayan T,10/9/2005,jayan.t42@example.com,948848936,Arts,60.34,State Board,"SRV Boys Higher Secondary School, Tirunelveli",OBC,Hindu,Indian,"No. 59, Main Road, Tirunelveli, Tamil Nadu",Tirunelveli,Selvam T
TN2026STU0096,Bala Mani,6/13/2007,bala.mani12@example.com,971707170,Computer Science,93.36,State Board,"Bharathi Vidya Bhavan, Dindigul",BC,Hindu,Indian,"No. 30, Main Road, Dindigul, Tamil Nadu",Dindigul,Ganesan Mani
TN2026STU0097,Adithya J,6/19/2008,adithya.j68@example.com,958567046,Computer Science,74.43,State Board,"St. Joseph's Higher Secondary School, Namakkal",OBC,Hindu,Indian,"No. 80, Main Road, Namakkal, Tamil Nadu",Namakkal,Rajendran J
TN2026STU0098,Karthik J,6/6/2005,karthik.j75@example.com,994989976,Computer Science,78.61,CBSE,"DAV Boy's Senior Secondary School, Cuddalore",OBC,Islam,Indian,"No. 38, Main Road, Cuddalore, Tamil Nadu",Cuddalore,Rajendran J
TN2026STU0099,Chandran P,2/9/2006,chandran.p32@example.com,990852623,Pure Science,88.83,State Board,"St. Joseph's Higher Secondary School, Nagercoil",OBC,Hindu,Indian,"No. 149, Main Road, Nagercoil, Tamil Nadu",Nagercoil,Palani P
TN2026STU0100,Kavitha Balan,10/24/2006,kavitha.balan90@example.com,952431444,Pure Science,74.57,State Board,"SRV Boys Higher Secondary School, Kancheepuram",MBC,Hindu,Indian,"No. 91, Main Road, Kancheepuram, Tamil Nadu",Kancheepuram,Jayaraman Balan
TN2026STU0101,Naveen Rajan,3/19/2005,naveen.rajan17@example.com,959491122,Commerce with Business Maths,58.41,State Board,"St. Joseph's Higher Secondary School, Thiruvarur",OBC,Hindu,Indian,"No. 11, Main Road, Thiruvarur, Tamil Nadu",Thiruvarur,Prasad Rajan
TN2026STU0102,Uma Balan,10/21/2006,uma.balan87@example.com,973837847,Diploma in Computer Engineering,61.71,State Board,"Government Higher Secondary School, Thiruvallur",ST,Hindu,Indian,"No. 45, Main Road, Thiruvallur, Tamil Nadu",Thiruvallur,Selvam Balan
TN2026STU0103,Kumar Rajan,12/10/2007,kumar.rajan76@example.com,991846696,Pure Science,71.19,State Board,"Chinmaya Vidyalaya, Thiruvallur",BC,Hindu,Indian,"No. 86, Main Road, Thiruvallur, Tamil Nadu",Thiruvallur,Prasad Rajan
TN2026STU0104,Prakash S,10/21/2008,prakash.s59@example.com,948137561,Commerce with Business Maths,87.21,CBSE,"Bharathi Vidya Bhavan, Thiruvallur",General,Hindu,Indian,"No. 90, Main Road, Thiruvallur, Tamil Nadu",Thiruvallur,Dharmalingam S
TN2026STU0105,Ishwarya Lingam,9/22/2005,ishwarya.lingam86@example.com,921370793,Commerce with Business Maths,79.87,CBSE,"Don Bosco Higher Secondary School, Thiruvarur",General,Hindu,Indian,"No. 131, Main Road, Thiruvarur, Tamil Nadu",Thiruvarur,Sundaram Lingam
TN2026STU0106,Adithya E,1/5/2006,adithya.e37@example.com,955866538,Diploma in ECE,63.54,State Board,"Kendriya Vidyalaya, Kancheepuram",MBC,Hindu,Indian,"No. 139, Main Road, Kancheepuram, Tamil Nadu",Kancheepuram,Velu E
TN2026STU0107,Janani J,9/26/2005,janani.j86@example.com,960562485,Pure Science,62.22,CBSE,"Bharathi Vidya Bhavan, Tirunelveli",BC,Hindu,Indian,"No. 94, Main Road, Tirunelveli, Tamil Nadu",Tirunelveli,Jayaraman J
TN2026STU0108,Siva Sekar,7/9/2007,siva.sekar39@example.com,981673763,Commerce with Computer Science,68.77,CBSE,"SRV Boys Higher Secondary School, Vellore",OBC,Christian,Indian,"No. 113, Main Road, Vellore, Tamil Nadu",Vellore,Velu Sekar
TN2026STU0109,Priya T,10/27/2007,priya.t77@example.com,966191704,Pure Science,91.35,State Board,"Bharathi Vidya Bhavan, Thanjavur",General,Hindu,Indian,"No. 96, Main Road, Thanjavur, Tamil Nadu",Thanjavur,Sundaram T
TN2026STU0110,Meena Murugan,8/7/2006,meena.murugan20@example.com,931516757,Commerce with Business Maths,74.99,State Board,"Amrita Vidyalayam, Virudhunagar",General,Christian,Indian,"No. 116, Main Road, Virudhunagar, Tamil Nadu",Virudhunagar,Krishnan Murugan
TN2026STU0111,Vidhya M,4/20/2005,vidhya.m60@example.com,977378254,Arts,65.49,State Board,"St. Joseph's Higher Secondary School, Chennai",OBC,Hindu,Indian,"No. 86, Main Road, Chennai, Tamil Nadu",Chennai,Narayanan M
TN2026STU0112,Dinesh K,8/26/2007,dinesh.k99@example.com,928628439,Diploma in ECE,74.96,CBSE,"Government Higher Secondary School, Chennai",OBC,Hindu,Indian,"No. 141, Main Road, Chennai, Tamil Nadu",Chennai,Velu K
TN2026STU0113,Deepak T,9/9/2006,deepak.t25@example.com,916408822,Commerce with Computer Science,73.68,State Board,"Bharathi Vidya Bhavan, Trichy",MBC,Hindu,Indian,"No. 138, Main Road, Trichy, Tamil Nadu",Trichy,Arumugam T
TN2026STU0114,Harini Murugan,5/11/2006,harini.murugan28@example.com,949093864,Diploma in Mechanical Engineering,55.07,State Board,"Don Bosco Higher Secondary School, Virudhunagar",OBC,Hindu,Indian,"No. 135, Main Road, Virudhunagar, Tamil Nadu",Virudhunagar,Gunasekaran Murugan
TN2026STU0115,Bala Murugan,11/6/2007,bala.murugan74@example.com,984377016,Bio-Maths,72.38,State Board,"SRV Boys Higher Secondary School, Dindigul",ST,Hindu,Indian,"No. 5, Main Road, Dindigul, Tamil Nadu",Dindigul,Dharmalingam Murugan
TN2026STU0116,Priyanka R,5/9/2006,priyanka.r94@example.com,994323222,Computer Science,89.33,State Board,"Don Bosco Higher Secondary School, Cuddalore",BC,Hindu,Indian,"No. 45, Main Road, Cuddalore, Tamil Nadu",Cuddalore,Chidambaram R
TN2026STU0117,Keerthana Selvam,10/4/2005,keerthana.selvam18@example.com,971428713,Bio-Maths,68.06,State Board,"Government Higher Secondary School, Coimbatore",OBC,Hindu,Indian,"No. 102, Main Road, Coimbatore, Tamil Nadu",Coimbatore,Rajendran Selvam
TN2026STU0118,Logesh K,8/9/2006,logesh.k55@example.com,916416148,Arts,67.16,State Board,"Don Bosco Higher Secondary School, Dindigul",BC,Christian,Indian,"No. 99, Main Road, Dindigul, Tamil Nadu",Dindigul,Selvam K
TN2026STU0119,Hari Selvam,1/23/2007,hari.selvam76@example.com,945798645,Computer Science,87.36,State Board,"St. Joseph's Higher Secondary School, Tirunelveli",BC,Hindu,Indian,"No. 21, Main Road, Tirunelveli, Tamil Nadu",Tirunelveli,Baskar Selvam
TN2026STU0120,Janani T,7/3/2007,janani.t87@example.com,967192331,Pure Science,85.69,State Board,"Don Bosco Higher Secondary School, Cuddalore",BC,Hindu,Indian,"No. 15, Main Road, Cuddalore, Tamil Nadu",Cuddalore,Velu T
TN2026STU0121,Janani Pandian,1/15/2007,janani.pandian75@example.com,931473054,Bio-Maths,61.35,State Board,"Bharathi Vidya Bhavan, Tuticorin",General,Hindu,Indian,"No. 94, Main Road, Tuticorin, Tamil Nadu",Tuticorin,Sundaram Pandian
TN2026STU0122,Sanjay Balan,5/24/2008,sanjay.balan29@example.com,970387584,Arts,71.55,State Board,"St. Joseph's Higher Secondary School, Thiruvarur",OBC,Hindu,Indian,"No. 72, Main Road, Thiruvarur, Tamil Nadu",Thiruvarur,Ganesan Balan
TN2026STU0123,Deepak M,10/20/2007,deepak.m76@example.com,961940566,Diploma in Computer Engineering,60.24,State Board,"Chinmaya Vidyalaya, Vellore",ST,Hindu,Indian,"No. 126, Main Road, Vellore, Tamil Nadu",Vellore,Rajendran M
TN2026STU0124,Deepak P,7/15/2007,deepak.p32@example.com,969741812,Computer Science,91.07,State Board,"Don Bosco Higher Secondary School, Madurai",BC,Hindu,Indian,"No. 77, Main Road, Madurai, Tamil Nadu",Madurai,Raman P
TN2026STU0125,Meena Pandian,1/11/2007,meena.pandian75@example.com,940097200,Computer Science,98.84,State Board,"Kendriya Vidyalaya, Nagercoil",General,Hindu,Indian,"No. 95, Main Road, Nagercoil, Tamil Nadu",Nagercoil,Rajendran Pandian
TN2026STU0126,Ramya Nathan,6/7/2008,ramya.nathan21@example.com,918824561,Commerce with Business Maths,72.72,State Board,"SRV Boys Higher Secondary School, Virudhunagar",MBC,Hindu,Indian,"No. 82, Main Road, Virudhunagar, Tamil Nadu",Virudhunagar,Srinivasan Nathan
TN2026STU0127,Siva Rajan,12/7/2006,siva.rajan26@example.com,983994695,Diploma in Civil Engineering,63.1,State Board,"Kendriya Vidyalaya, Coimbatore",MBC,Hindu,Indian,"No. 78, Main Road, Coimbatore, Tamil Nadu",Coimbatore,Chandran Rajan
TN2026STU0128,Ganesh J,12/10/2006,ganesh.j76@example.com,948124318,Computer Science,66.15,State Board,"Amrita Vidyalayam, Kancheepuram",BC,Hindu,Indian,"No. 44, Main Road, Kancheepuram, Tamil Nadu",Kancheepuram,Arumugam J
TN2026STU0129,Ganesh Lingam,5/24/2008,ganesh.lingam53@example.com,985647532,Bio-Maths,91.72,State Board,"Government Higher Secondary School, Namakkal",OBC,Hindu,Indian,"No. 147, Main Road, Namakkal, Tamil Nadu",Namakkal,Jayaraman Lingam
TN2026STU0130,Gowri Pandian,10/17/2007,gowri.pandian90@example.com,983226170,Commerce with Business Maths,83.56,State Board,"Chinmaya Vidyalaya, Dindigul",OBC,Hindu,Indian,"No. 16, Main Road, Dindigul, Tamil Nadu",Dindigul,Murugan Pandian
TN2026STU0131,Siva Kumar,8/10/2007,siva.kumar36@example.com,955659873,Diploma in Civil Engineering,61.39,State Board,"Don Bosco Higher Secondary School, Cuddalore",SC,Hindu,Indian,"No. 95, Main Road, Cuddalore, Tamil Nadu",Cuddalore,Baskar Kumar
TN2026STU0132,Prabhu V,9/8/2005,prabhu.v44@example.com,970343755,Commerce with Computer Science,61.27,State Board,"Government Higher Secondary School, Dindigul",MBC,Hindu,Indian,"No. 41, Main Road, Dindigul, Tamil Nadu",Dindigul,Prasad V
TN2026STU0133,Vidhya Balan,1/24/2006,vidhya.balan30@example.com,976876068,Diploma in Computer Engineering,75.77,State Board,"Chinmaya Vidyalaya, Madurai",SC,Hindu,Indian,"No. 62, Main Road, Madurai, Tamil Nadu",Madurai,Subramanian Balan
TN2026STU0134,Divya E,4/14/2005,divya.e46@example.com,976423575,Diploma in Civil Engineering,94.26,State Board,"SRV Boys Higher Secondary School, Chennai",MBC,Hindu,Indian,"No. 68, Main Road, Chennai, Tamil Nadu",Chennai,Ganesan E
TN2026STU0135,Pooja Mani,4/3/2005,pooja.mani61@example.com,916866268,Diploma in Civil Engineering,80,State Board,"Don Bosco Higher Secondary School, Madurai",OBC,Hindu,Indian,"No. 141, Main Road, Madurai, Tamil Nadu",Madurai,Chidambaram Mani
TN2026STU0136,Rathi Sekar,9/1/2005,rathi.sekar26@example.com,922976369,Diploma in Mechanical Engineering,71.61,State Board,"Don Bosco Higher Secondary School, Cuddalore",MBC,Hindu,Indian,"No. 131, Main Road, Cuddalore, Tamil Nadu",Cuddalore,Jayaraman Sekar
TN2026STU0137,Abirami K,3/21/2005,abirami.k27@example.com,954699966,Diploma in ECE,78.11,State Board,"Kendriya Vidyalaya, Thiruvarur",OBC,Christian,Indian,"No. 82, Main Road, Thiruvarur, Tamil Nadu",Thiruvarur,Ganesan K
TN2026STU0138,Santhosh Sekar,4/30/2008,santhosh.sekar53@example.com,978090664,Diploma in Computer Engineering,78.69,State Board,"Bharathi Vidya Bhavan, Chennai",OBC,Hindu,Indian,"No. 107, Main Road, Chennai, Tamil Nadu",Chennai,Velu Sekar
TN2026STU0139,Priyanka Pandian,5/7/2008,priyanka.pandian70@example.com,945638891,Diploma in Civil Engineering,80.7,State Board,"Government Higher Secondary School, Tirunelveli",BC,Hindu,Indian,"No. 98, Main Road, Tirunelveli, Tamil Nadu",Tirunelveli,Murugan Pandian
TN2026STU0140,Rathi Lingam,3/6/2005,rathi.lingam83@example.com,924749927,Commerce with Computer Science,55.84,State Board,"Don Bosco Higher Secondary School, Virudhunagar",BC,Hindu,Indian,"No. 121, Main Road, Virudhunagar, Tamil Nadu",Virudhunagar,Arumugam Lingam
TN2026STU0141,Meena P,3/1/2006,meena.p81@example.com,953627409,Diploma in ECE,78.38,ICSE,"Don Bosco Higher Secondary School, Tuticorin",SC,Hindu,Indian,"No. 91, Main Road, Tuticorin, Tamil Nadu",Tuticorin,Chandran P
TN2026STU0142,Gowri Selvam,5/20/2006,gowri.selvam45@example.com,984905122,Commerce with Business Maths,65.01,State Board,"Chinmaya Vidyalaya, Vellore",BC,Hindu,Indian,"No. 123, Main Road, Vellore, Tamil Nadu",Vellore,Selvam Selvam
TN2026STU0143,Bhavani N,9/7/2005,bhavani.n83@example.com,982905845,Diploma in Mechanical Engineering,94.86,CBSE,"Adarsh Vidyalaya Higher Secondary School, Salem",OBC,Hindu,Indian,"No. 21, Main Road, Salem, Tamil Nadu",Salem,Velu N
TN2026STU0144,Vidhya Rajan,9/9/2007,vidhya.rajan37@example.com,937121108,Diploma in Computer Engineering,67.07,State Board,"Amrita Vidyalayam, Salem",OBC,Hindu,Indian,"No. 62, Main Road, Salem, Tamil Nadu",Salem,Palani Rajan
TN2026STU0145,Arun Lingam,4/8/2006,arun.lingam91@example.com,941250794,Bio-Maths,59.46,State Board,"Don Bosco Higher Secondary School, Trichy",BC,Hindu,Indian,"No. 141, Main Road, Trichy, Tamil Nadu",Trichy,Chandran Lingam
TN2026STU0146,Saravanan Pandian,9/5/2007,saravanan.pandian93@example.com,936770527,Commerce with Business Maths,69.29,CBSE,"Government Higher Secondary School, Madurai",BC,Hindu,Indian,"No. 10, Main Road, Madurai, Tamil Nadu",Madurai,Baskar Pandian
TN2026STU0147,Saravanan A,3/25/2007,saravanan.a73@example.com,935006323,Commerce with Business Maths,94.02,State Board,"Government Higher Secondary School, Pudukkottai",OBC,Islam,Indian,"No. 73, Main Road, Pudukkottai, Tamil Nadu",Pudukkottai,Ganesan A
TN2026STU0148,Ishwarya Nathan,10/9/2007,ishwarya.nathan27@example.com,977674279,Diploma in ECE,67.14,State Board,"St. Joseph's Higher Secondary School, Tuticorin",BC,Hindu,Indian,"No. 4, Main Road, Tuticorin, Tamil Nadu",Tuticorin,Chandran Nathan
TN2026STU0149,Priyanka T,10/13/2008,priyanka.t34@example.com,933554528,Diploma in Civil Engineering,93.1,CBSE,"Adarsh Vidyalaya Higher Secondary School, Thiruvarur",OBC,Hindu,Indian,"No. 25, Main Road, Thiruvarur, Tamil Nadu",Thiruvarur,Gunasekaran T
TN2026STU0150,Dinesh Selvam,5/24/2006,dinesh.selvam10@example.com,945002007,Diploma in Mechanical Engineering,65.48,ICSE,"Chinmaya Vidyalaya, Kancheepuram",BC,Hindu,Indian,"No. 67, Main Road, Kancheepuram, Tamil Nadu",Kancheepuram,Subramanian Selvam
TN2026STU0151,Keerthana V,9/29/2008,keerthana.v25@example.com,972464258,Commerce with Business Maths,62.11,CBSE,"Amrita Vidyalayam, Kancheepuram",BC,Hindu,Indian,"No. 76, Main Road, Kancheepuram, Tamil Nadu",Kancheepuram,Ganesan V
TN2026STU0152,Gowri V,10/1/2005,gowri.v71@example.com,930560218,Diploma in ECE,88.27,State Board,"Bharathi Vidya Bhavan, Karur",SC,Hindu,Indian,"No. 56, Main Road, Karur, Tamil Nadu",Karur,Arumugam V
TN2026STU0153,Kavitha Sekar,12/13/2007,kavitha.sekar67@example.com,980890196,Arts,58.48,State Board,"Bharathi Vidya Bhavan, Karur",SC,Hindu,Indian,"No. 138, Main Road, Karur, Tamil Nadu",Karur,Raman Sekar
TN2026STU0154,Ganesh J,6/24/2007,ganesh.j24@example.com,937568520,Diploma in Civil Engineering,76.75,State Board,"Amrita Vidyalayam, Coimbatore",OBC,Hindu,Indian,"No. 117, Main Road, Coimbatore, Tamil Nadu",Coimbatore,Chandran J
TN2026STU0155,Bhavani Rajan,2/14/2005,bhavani.rajan60@example.com,944152669,Bio-Maths,88.19,State Board,"Bharathi Vidya Bhavan, Virudhunagar",OBC,Hindu,Indian,"No. 16, Main Road, Virudhunagar, Tamil Nadu",Virudhunagar,Velu Rajan
TN2026STU0156,Vidhya Selvam,8/11/2006,vidhya.selvam62@example.com,934156684,Pure Science,89.08,State Board,"Adarsh Vidyalaya Higher Secondary School, Dindigul",OBC,Christian,Indian,"No. 97, Main Road, Dindigul, Tamil Nadu",Dindigul,Ganesan Selvam
TN2026STU0157,Bharathi Lingam,9/30/2005,bharathi.lingam93@example.com,956676884,Computer Science,62.94,State Board,"Amrita Vidyalayam, Salem",BC,Hindu,Indian,"No. 1, Main Road, Salem, Tamil Nadu",Salem,Dharmalingam Lingam
TN2026STU0158,Naveen Rajan,5/19/2007,naveen.rajan78@example.com,960905625,Commerce with Computer Science,66.01,State Board,"Don Bosco Higher Secondary School, Vellore",SC,Hindu,Indian,"No. 29, Main Road, Vellore, Tamil Nadu",Vellore,Dharmalingam Rajan
TN2026STU0159,Ramya Lingam,6/13/2008,ramya.lingam12@example.com,942301683,Commerce with Computer Science,57.99,State Board,"Bharathi Vidya Bhavan, Pudukkottai",BC,Christian,Indian,"No. 63, Main Road, Pudukkottai, Tamil Nadu",Pudukkottai,Narayanan Lingam
TN2026STU0160,Santhosh Rajan,1/11/2008,santhosh.rajan37@example.com,917575790,Pure Science,77.42,State Board,"Chinmaya Vidyalaya, Namakkal",OBC,Hindu,Indian,"No. 83, Main Road, Namakkal, Tamil Nadu",Namakkal,Arumugam Rajan
TN2026STU0161,Naveen P,3/29/2006,naveen.p62@example.com,950332555,Commerce with Business Maths,57.71,CBSE,"Bharathi Vidya Bhavan, Tirunelveli",BC,Hindu,Indian,"No. 127, Main Road, Tirunelveli, Tamil Nadu",Tirunelveli,Chandran P
TN2026STU0162,Rajesh Pandian,12/11/2007,rajesh.pandian50@example.com,965878146,Diploma in Mechanical Engineering,61.64,State Board,"Adarsh Vidyalaya Higher Secondary School, Karur",OBC,Hindu,Indian,"No. 77, Main Road, Karur, Tamil Nadu",Karur,Sundaram Pandian
TN2026STU0163,Ramya Rajan,2/26/2008,ramya.rajan62@example.com,965902739,Diploma in Computer Engineering,78.58,State Board,"Adarsh Vidyalaya Higher Secondary School, Vellore",OBC,Hindu,Indian,"No. 116, Main Road, Vellore, Tamil Nadu",Vellore,Ganesan Rajan
TN2026STU0164,Bharathi Nathan,4/16/2005,bharathi.nathan44@example.com,960622628,Diploma in Civil Engineering,81.83,State Board,"St. Joseph's Higher Secondary School, Namakkal",BC,Hindu,Indian,"No. 123, Main Road, Namakkal, Tamil Nadu",Namakkal,Selvam Nathan
TN2026STU0165,Shalini J,2/1/2005,shalini.j37@example.com,935504548,Computer Science,88.24,CBSE,"SRV Boys Higher Secondary School, Pudukkottai",BC,Hindu,Indian,"No. 62, Main Road, Pudukkottai, Tamil Nadu",Pudukkottai,Velu J
TN2026STU0166,Priya T,8/13/2007,priya.t78@example.com,997069904,Arts,68.72,State Board,"Don Bosco Higher Secondary School, Nagercoil",OBC,Hindu,Indian,"No. 121, Main Road, Nagercoil, Tamil Nadu",Nagercoil,Sundaram T
TN2026STU0167,Uma G,10/3/2006,uma.g62@example.com,916135823,Diploma in Civil Engineering,93.45,State Board,"Kendriya Vidyalaya, Karur",SC,Hindu,Indian,"No. 107, Main Road, Karur, Tamil Nadu",Karur,Chidambaram G
TN2026STU0168,Elango G,4/17/2006,elango.g58@example.com,986475853,Commerce with Computer Science,77.22,State Board,"Don Bosco Higher Secondary School, Nagercoil",SC,Hindu,Indian,"No. 126, Main Road, Nagercoil, Tamil Nadu",Nagercoil,Subramanian G
TN2026STU0169,Ganesh E,10/14/2005,ganesh.e79@example.com,975540707,Pure Science,95.8,ICSE,"Amrita Vidyalayam, Coimbatore",BC,Hindu,Indian,"No. 20, Main Road, Coimbatore, Tamil Nadu",Coimbatore,Rajendran E
TN2026STU0170,Pooja M,10/9/2005,pooja.m90@example.com,941062464,Computer Science,86.47,State Board,"Government Higher Secondary School, Tuticorin",OBC,Hindu,Indian,"No. 124, Main Road, Tuticorin, Tamil Nadu",Tuticorin,Narayanan M
TN2026STU0171,Adithya M,2/4/2008,adithya.m62@example.com,911590610,Bio-Maths,78.56,State Board,"Chinmaya Vidyalaya, Kancheepuram",General,Hindu,Indian,"No. 111, Main Road, Kancheepuram, Tamil Nadu",Kancheepuram,Dharmalingam M
TN2026STU0172,Chandran S,11/1/2005,chandran.s40@example.com,935760684,Diploma in Civil Engineering,78.43,State Board,"Don Bosco Higher Secondary School, Dindigul",General,Islam,Indian,"No. 118, Main Road, Dindigul, Tamil Nadu",Dindigul,Chandran S
TN2026STU0173,Keerthana V,11/1/2008,keerthana.v20@example.com,997742922,Bio-Maths,59.16,State Board,"Adarsh Vidyalaya Higher Secondary School, Nagercoil",General,Hindu,Indian,"No. 44, Main Road, Nagercoil, Tamil Nadu",Nagercoil,Velu V
TN2026STU0174,Vijay Kumar,3/4/2008,vijay.kumar22@example.com,980888325,Bio-Maths,65.22,State Board,"Bharathi Vidya Bhavan, Coimbatore",SC,Hindu,Indian,"No. 72, Main Road, Coimbatore, Tamil Nadu",Coimbatore,Subramanian Kumar
TN2026STU0175,Hari J,3/1/2006,hari.j85@example.com,929353063,Diploma in Mechanical Engineering,96.33,State Board,"Chinmaya Vidyalaya, Erode",BC,Hindu,Indian,"No. 139, Main Road, Erode, Tamil Nadu",Erode,Murugan J
TN2026STU0176,Sanjay P,10/23/2007,sanjay.p54@example.com,917207013,Computer Science,74.45,State Board,"St. Joseph's Higher Secondary School, Pudukkottai",SC,Hindu,Indian,"No. 84, Main Road, Pudukkottai, Tamil Nadu",Pudukkottai,Raman P
TN2026STU0177,Harini N,10/2/2007,harini.n39@example.com,957756170,Diploma in Computer Engineering,96.88,State Board,"Adarsh Vidyalaya Higher Secondary School, Namakkal",BC,Hindu,Indian,"No. 76, Main Road, Namakkal, Tamil Nadu",Namakkal,Prasad N
TN2026STU0178,Meena R,7/3/2006,meena.r29@example.com,961002735,Pure Science,87.91,State Board,"Don Bosco Higher Secondary School, Madurai",General,Hindu,Indian,"No. 93, Main Road, Madurai, Tamil Nadu",Madurai,Raman R
TN2026STU0179,Chandran P,1/19/2006,chandran.p65@example.com,970242778,Diploma in Computer Engineering,79.69,State Board,"Adarsh Vidyalaya Higher Secondary School, Madurai",OBC,Hindu,Indian,"No. 84, Main Road, Madurai, Tamil Nadu",Madurai,Raman P
TN2026STU0180,Aravind T,3/6/2007,aravind.t20@example.com,985099723,Commerce with Computer Science,80.45,State Board,"Kendriya Vidyalaya, Tirunelveli",OBC,Hindu,Indian,"No. 127, Main Road, Tirunelveli, Tamil Nadu",Tirunelveli,Narayanan T
TN2026STU0181,Bala A,7/20/2006,bala.a63@example.com,950232066,Diploma in ECE,89.83,State Board,"Don Bosco Higher Secondary School, Erode",BC,Hindu,Indian,"No. 51, Main Road, Erode, Tamil Nadu",Erode,Narayanan A
TN2026STU0182,Chandran P,1/14/2005,chandran.p60@example.com,954589439,Diploma in Civil Engineering,71.91,State Board,"Don Bosco Higher Secondary School, Virudhunagar",MBC,Christian,Indian,"No. 35, Main Road, Virudhunagar, Tamil Nadu",Virudhunagar,Velu P
TN2026STU0183,Prabhu Sekar,9/9/2007,prabhu.sekar50@example.com,933842070,Diploma in Mechanical Engineering,98.11,State Board,"Chinmaya Vidyalaya, Nagercoil",SC,Hindu,Indian,"No. 84, Main Road, Nagercoil, Tamil Nadu",Nagercoil,Selvam Sekar
TN2026STU0184,Mani Mani,8/22/2005,mani.mani82@example.com,936816708,Diploma in Civil Engineering,99.38,State Board,"Kendriya Vidyalaya, Karur",General,Hindu,Indian,"No. 54, Main Road, Karur, Tamil Nadu",Karur,Chidambaram Mani
TN2026STU0185,Ramya T,4/18/2007,ramya.t96@example.com,977015343,Pure Science,83.18,State Board,"DAV Boy's Senior Secondary School, Salem",BC,Hindu,Indian,"No. 19, Main Road, Salem, Tamil Nadu",Salem,Raman T
TN2026STU0186,Gayathri Selvam,4/1/2007,gayathri.selvam78@example.com,977996397,Diploma in Mechanical Engineering,79.19,State Board,"Don Bosco Higher Secondary School, Karur",BC,Christian,Indian,"No. 28, Main Road, Karur, Tamil Nadu",Karur,Gunasekaran Selvam
TN2026STU0187,Janani Lingam,12/7/2005,janani.lingam92@example.com,992232236,Bio-Maths,80.06,ICSE,"Adarsh Vidyalaya Higher Secondary School, Thiruvallur",SC,Hindu,Indian,"No. 3, Main Road, Thiruvallur, Tamil Nadu",Thiruvallur,Chidambaram Lingam
TN2026STU0188,Logesh V,11/29/2007,logesh.v81@example.com,987915846,Diploma in Civil Engineering,64.84,State Board,"Don Bosco Higher Secondary School, Namakkal",BC,Hindu,Indian,"No. 7, Main Road, Namakkal, Tamil Nadu",Namakkal,Chandran V
TN2026STU0189,Chandran T,6/25/2005,chandran.t24@example.com,929015320,Arts,68.88,State Board,"SRV Boys Higher Secondary School, Thiruvarur",OBC,Hindu,Indian,"No. 113, Main Road, Thiruvarur, Tamil Nadu",Thiruvarur,Narayanan T
TN2026STU0190,Prabhu R,4/2/2005,prabhu.r24@example.com,913031322,Arts,83.83,CBSE,"Kendriya Vidyalaya, Erode",BC,Hindu,Indian,"No. 85, Main Road, Erode, Tamil Nadu",Erode,Velu R
TN2026STU0191,Suresh V,7/13/2008,suresh.v33@example.com,935016429,Diploma in Mechanical Engineering,72.6,CBSE,"Bharathi Vidya Bhavan, Tuticorin",BC,Hindu,Indian,"No. 55, Main Road, Tuticorin, Tamil Nadu",Tuticorin,Sundaram V
TN2026STU0192,Mani R,7/28/2005,mani.r78@example.com,935093324,Arts,69.51,State Board,"SRV Boys Higher Secondary School, Nagercoil",BC,Hindu,Indian,"No. 100, Main Road, Nagercoil, Tamil Nadu",Nagercoil,Gunasekaran R
TN2026STU0193,Divya S,12/22/2006,divya.s68@example.com,992861016,Pure Science,91.21,CBSE,"Chinmaya Vidyalaya, Namakkal",General,Hindu,Indian,"No. 31, Main Road, Namakkal, Tamil Nadu",Namakkal,Chidambaram S
TN2026STU0194,Naveen S,2/4/2007,naveen.s98@example.com,928972822,Diploma in Computer Engineering,72.29,State Board,"Bharathi Vidya Bhavan, Dindigul",OBC,Hindu,Indian,"No. 138, Main Road, Dindigul, Tamil Nadu",Dindigul,Rajendran S
TN2026STU0195,Bhavani A,8/15/2006,bhavani.a27@example.com,935111946,Arts,92.47,State Board,"Bharathi Vidya Bhavan, Cuddalore",SC,Hindu,Indian,"No. 50, Main Road, Cuddalore, Tamil Nadu",Cuddalore,Baskar A
TN2026STU0196,Bhavani Murugan,4/18/2007,bhavani.murugan97@example.com,975998330,Diploma in Mechanical Engineering,86.6,State Board,"SRV Boys Higher Secondary School, Madurai",BC,Hindu,Indian,"No. 57, Main Road, Madurai, Tamil Nadu",Madurai,Baskar Murugan
TN2026STU0197,Anand N,1/7/2008,anand.n46@example.com,932576626,Diploma in ECE,80.17,State Board,"SRV Boys Higher Secondary School, Trichy",BC,Hindu,Indian,"No. 140, Main Road, Trichy, Tamil Nadu",Trichy,Arumugam N
TN2026STU0198,Archana K,1/24/2008,archana.k37@example.com,967063296,Computer Science,87.75,State Board,"DAV Boy's Senior Secondary School, Coimbatore",OBC,Hindu,Indian,"No. 23, Main Road, Coimbatore, Tamil Nadu",Coimbatore,Prasad K
TN2026STU0199,Shalini S,3/6/2006,shalini.s85@example.com,957060874,Diploma in Civil Engineering,83.16,State Board,"Kendriya Vidyalaya, Vellore",MBC,Hindu,Indian,"No. 146, Main Road, Vellore, Tamil Nadu",Vellore,Arumugam S
TN2026STU0200,Archana N,1/9/2008,archana.n31@example.com,953440052,Commerce with Business Maths,67.88,ICSE,"Chinmaya Vidyalaya, Thiruvarur",ST,Hindu,Indian,"No. 25, Main Road, Thiruvarur, Tamil Nadu",Thiruvarur,Jayaraman N
